Company Name,Domain,Website,City,Country,Founded Year,Revenue,Employee Growth (6mo),LinkedIn URL
375ai,375.ai,http://www.375.ai,London,United Kingdom,2022,N/A,-0.1176470588235294,http://www.linkedin.com/company/375-ai
3DEC,3dec.co.uk,http://www.3dec.co.uk,London,United Kingdom,2011,N/A,0.0,http://www.linkedin.com/company/3dec-ltd
Accelex,accelex.ai,http://www.accelex.ai,London,United Kingdom,2018,3M,-0.3125,http://www.linkedin.com/company/accelextech
Accountancy Cloud,accountancycloud.com,http://www.accountancycloud.com,London,United Kingdom,2014,N/A,0.0,http://www.linkedin.com/company/accountancycloud
Acre,acresoftware.com,http://www.acresoftware.com,London,United Kingdom,2018,2M,0.0,http://www.linkedin.com/company/acresoftware
Adapt (a Datapipe company),adapt.com,http://www.adapt.com,London,United Kingdom,2001,55.9M,0.0,http://www.linkedin.com/company/adapt
Adclear,adclear.ai,http://www.adclear.ai,London,United Kingdom,2024,N/A,N/A,http://www.linkedin.com/company/adclear-ai
AG Grid,ag-grid.com,http://www.ag-grid.com,London,United Kingdom,2015,1M,0.0,http://www.linkedin.com/company/ag-grid
Agio Ratings,agioratings.io,http://www.agioratings.io,London,United Kingdom,2022,N/A,0.0,http://www.linkedin.com/company/agio-ratings
Ahauz,ahauz.com,http://www.ahauz.com,London,United Kingdom,2019,5M,0.0,http://www.linkedin.com/company/ahauz
Aibuild,ai-build.com,http://www.ai-build.com,London,United Kingdom,2015,1M,0.0,http://www.linkedin.com/company/ai-build
ai.io,ai.io,http://www.ai.io,London,United Kingdom,N/A,N/A,0.1875,http://www.linkedin.com/company/ai-io
Aibly,aibly.io,http://www.aibly.io,London,United Kingdom,2024,N/A,0.0,http://www.linkedin.com/company/aibly
AI Score,aiscore.ai,http://www.aiscore.ai,London,United Kingdom,N/A,N/A,N/A,http://www.linkedin.com/company/ai-score-ai
Aisthesis Medical,aisthesismed.com,http://www.aisthesismed.com,London,United Kingdom,2022,N/A,N/A,http://www.linkedin.com/company/aisthesis-medical
Artificial Intelligence Venture Builder,aivb.ai,http://www.aivb.ai,London,United Kingdom,2024,N/A,0.0,http://www.linkedin.com/company/aivb
Allica Bank,allica.bank,http://www.allica.bank,London,United Kingdom,2019,368M,0.1063829787234043,http://www.linkedin.com/company/allicabank
Allocation Strategy,allocation-strategy.com,http://www.allocation-strategy.com,London,United Kingdom,2024,N/A,N/A,http://www.linkedin.com/company/allocation-strategy
All Things,allthingsbutter.co.uk,http://www.allthingsbutter.co.uk,London,United Kingdom,N/A,500K,0.0,http://www.linkedin.com/company/all-things-dairy
Allye,allye.com,http://www.allye.com,London,United Kingdom,2023,N/A,0.0,http://www.linkedin.com/company/allye-energy
Alt21,alt21.com,http://www.alt21.com,London,United Kingdom,2016,15M,0.25,http://www.linkedin.com/company/alt21
Alvie Health,alviehealth.com,http://www.alviehealth.com,London,United Kingdom,2019,N/A,0.0,http://www.linkedin.com/company/alviehealth
Always Further,alwaysfurther.ai,http://www.alwaysfurther.ai,London,United Kingdom,2025,N/A,N/A,http://www.linkedin.com/company/alwaysfurther
Amey Group,amey.co.uk,http://www.amey.co.uk,London,United Kingdom,1921,2.5B,-0.01149425287356322,http://www.linkedin.com/company/amey
AMP Clean Energy,ampcleanenergy.com,http://www.ampcleanenergy.com,London,United Kingdom,2006,33M,0.0,http://www.linkedin.com/company/ampcleanenergy
Amplified Global™,amplified.global,http://www.amplified.global,London,United Kingdom,2017,N/A,0.0,http://www.linkedin.com/company/amplifiglobal
AmplifyME,amplifyme.com,http://www.amplifyme.com,London,United Kingdom,2009,398K,0.05555555555555555,http://www.linkedin.com/company/amplifymeofficial
ANNA Money,anna.money,http://www.anna.money,London,United Kingdom,2017,40M,0.02631578947368421,http://www.linkedin.com/company/annamoneyuk
Apex Rides,apexrides.com,http://www.apexrides.com,London,United Kingdom,2019,10M,0.0,http://www.linkedin.com/company/apex-rides
APEXX Global,apexx.global,http://www.apexx.global,London,United Kingdom,2016,1.7M,0.1228070175438596,http://www.linkedin.com/company/apexxglobal
AppFactor,appfactor.io,http://www.appfactor.io,London,United Kingdom,2023,N/A,0.0,http://www.linkedin.com/company/appfactor
Appian Capital Advisory,appiancapitaladvisory.com,http://www.appiancapitaladvisory.com,London,United Kingdom,2011,10M,0.03636363636363636,http://www.linkedin.com/company/appian-capital-advisory
Arco Cyber,arcocyber.com,http://www.arcocyber.com,London,United Kingdom,2022,N/A,0.0,http://www.linkedin.com/company/arco-cyber
dot.,arctechinnovation.com,http://www.arctechinnovation.com,London,United Kingdom,2015,N/A,0.0,http://www.linkedin.com/company/arctech-innovation
Arcus Infrastructure Partners LLP,arcusip.com,http://www.arcusip.com,London,United Kingdom,2009,115M,1.0,http://www.linkedin.com/company/arcus-infrastructure-partners-llp
ARKK,arkk.com,http://www.arkk.com,London,United Kingdom,2009,10M,0.0,http://www.linkedin.com/company/arkksolutions
Artificial Labs,artificial.io,http://www.artificial.io,London,United Kingdom,2013,5.6M,0.0,http://www.linkedin.com/company/artificiallabs
Ascension,ascension.vc,http://www.ascension.vc,London,United Kingdom,2015,N/A,-0.1428571428571428,http://www.linkedin.com/company/ascensionvc
Dragonfly,askdragonfly.com,http://www.askdragonfly.com,London,United Kingdom,2025,N/A,0.0,http://www.linkedin.com/company/askdragonfly
Astarte Capital Partners LLP,astartecp.com,http://www.astartecp.com,London,United Kingdom,2015,N/A,0.0,http://www.linkedin.com/company/astarte-capital-partners
Atlantica Sustainable Infrastructure Ltd,atlantica.com,http://www.atlantica.com,London,United Kingdom,2014,1.1B,0.01204819277108434,http://www.linkedin.com/company/atlantica-sustainable-infrastructure
Atlantic House,atlantichousegroup.com,http://www.atlantichousegroup.com,London,United Kingdom,2008,N/A,0.0,http://www.linkedin.com/company/atlantic-house-fund-management
AtlasEdge,atlasedge.com,http://www.atlasedge.com,London,United Kingdom,2021,13M,0.0,http://www.linkedin.com/company/atlasedge
Atom CTO,atomcto.com,http://www.atomcto.com,London,United Kingdom,2017,N/A,0.0,http://www.linkedin.com/company/atomctoltd
August Equity,augustequity.com,http://www.augustequity.com,London,United Kingdom,2001,6.1M,-1.0,http://www.linkedin.com/company/augustequity
Autman Robotics,aut-man.com,http://www.aut-man.com,London,United Kingdom,2024,N/A,1.5,http://www.linkedin.com/company/autman-robotics
Avenir LNG,avenirlng.com,http://www.avenirlng.com,London,United Kingdom,2018,16.5M,0.6666666666666666,http://www.linkedin.com/company/avenir-lng
Aventur,aventur.co.uk,http://www.aventur.co.uk,London,United Kingdom,N/A,N/A,0.0,http://www.linkedin.com/company/weareaventuruk
Axon Diagnostics,axondiagnostics.com,http://www.axondiagnostics.com,London,United Kingdom,2021,N/A,0.0,http://www.linkedin.com/company/axondiagnostics
Azumi Restaurant Group,azumirestaurants.com,http://www.azumirestaurants.com,London,United Kingdom,2002,255M,0.1081081081081081,http://www.linkedin.com/company/azumi-limited
BACKED VC,backed.vc,http://www.backed.vc,London,United Kingdom,2015,2M,0.0,http://www.linkedin.com/company/backed-vc
Barchester Healthcare,barchester.com,http://www.barchester.com,London,United Kingdom,1992,1.2B,-0.025,http://www.linkedin.com/company/barchester-healthcare
BASMA.com,basma.com,http://www.basma.com,London,United Kingdom,2021,3.4M,-0.02666666666666667,http://www.linkedin.com/company/basma
BBC Maestro,bbcmaestro.com,http://www.bbcmaestro.com,London,United Kingdom,2011,1.5M,0.0,http://www.linkedin.com/company/bbc-maestro
Becrypt,becrypt.com,http://www.becrypt.com,London,United Kingdom,2001,11.8M,0.0,http://www.linkedin.com/company/becrypt
Bedrock Platform,bedrockplatform.com,http://www.bedrockplatform.com,London,United Kingdom,2024,N/A,0.0,http://www.linkedin.com/company/bedrock-platform
OnHand • the impact platform,beonhand.co.uk,http://www.beonhand.co.uk,London,United Kingdom,2019,1.2M,0.0,http://www.linkedin.com/company/beonhand
BeyondMath,beyondmath.com,http://www.beyondmath.com,London,United Kingdom,2022,N/A,0.0,http://www.linkedin.com/company/beyondmath
BioOrbit,bioorbit.space,http://www.bioorbit.space,London,United Kingdom,2023,N/A,0.0,http://www.linkedin.com/company/bioorbit
BirdsEyeView,birdseyeview.ai,http://www.birdseyeview.ai,London,United Kingdom,2020,2.5M,0.0,http://www.linkedin.com/company/birdseyeviewtechnologies
Bladonmore,bladonmore.com,http://www.bladonmore.com,London,United Kingdom,2002,12.7M,0.0,http://www.linkedin.com/company/bladonmore
Bleap,bleap.finance,http://www.bleap.finance,London,United Kingdom,N/A,N/A,2.0,http://www.linkedin.com/company/bleapapp
Bluewater Bio,bluewaterbio.com,http://www.bluewaterbio.com,London,United Kingdom,2007,4.6M,0.06666666666666667,http://www.linkedin.com/company/bluewater-bio
BMLL,bmlltech.com,http://www.bmlltech.com,London,United Kingdom,2014,17.7M,0.2,http://www.linkedin.com/company/bmll
Bolt Insight,boltinsight.com,http://www.boltinsight.com,London,United Kingdom,2018,2.5M,0.2727272727272727,http://www.linkedin.com/company/boltinsight
Bonhams,bonhams.com,http://www.bonhams.com,London,United Kingdom,1793,221M,-0.01748251748251748,http://www.linkedin.com/company/bonhams
Pebble,bookpebble.co.uk,http://www.bookpebble.co.uk,London,United Kingdom,2021,N/A,0.0,http://www.linkedin.com/company/book-pebble-uk
Borough Broth | B Corp™,boroughbroth.co.uk,http://www.boroughbroth.co.uk,London,United Kingdom,2015,1.1M,N/A,http://www.linkedin.com/company/borough-broth
Bourn,bourn.ai,http://www.bourn.ai,London,United Kingdom,2024,N/A,0.0,http://www.linkedin.com/company/bournai
Bracket,bracket.co.uk,http://www.bracket.co.uk,London,United Kingdom,2023,N/A,0.0,http://www.linkedin.com/company/bracket-group
Braincup Media,braincupmedia.com,http://www.braincupmedia.com,London,United Kingdom,2021,N/A,0.0,http://www.linkedin.com/company/braincupmedia
Brain-Life,brainlife.ai,http://www.brainlife.ai,London,United Kingdom,2024,N/A,0.4444444444444444,http://www.linkedin.com/company/brain-life
BrainsparkGames,brainsparkgames.com,http://www.brainsparkgames.com,London,United Kingdom,2021,N/A,0.0,http://www.linkedin.com/company/brainsparkgames
Brite,britedrinks.com,http://www.britedrinks.com,London,United Kingdom,2016,N/A,0.0,http://www.linkedin.com/company/britedrinks
British Design Fund,britishdesignfund.co.uk,http://www.britishdesignfund.co.uk,London,United Kingdom,2016,N/A,0.0,http://www.linkedin.com/company/britishdesignfund
Broadgate,broadgateconsultants.com,http://www.broadgateconsultants.com,London,United Kingdom,2008,N/A,0.0,http://www.linkedin.com/company/broadgate-consultants-ltd
Broadwick,broadwicklive.com,http://www.broadwicklive.com,London,United Kingdom,2010,64.3M,0.0,http://www.linkedin.com/company/broadwickgroup
BTD Consulting,btd.consulting,http://www.btd.consulting,London,United Kingdom,2001,N/A,-0.3333333333333333,http://www.linkedin.com/company/btdconsult
Built AI,builtai.co,http://www.builtai.co,London,United Kingdom,2021,2M,0.0,http://www.linkedin.com/company/builtai
Bumper,bumper.co,http://www.bumper.co,London,United Kingdom,2013,15M,0.1666666666666667,http://www.linkedin.com/company/bumperpay
Burgess,burgessyachts.com,http://www.burgessyachts.com,London,United Kingdom,1975,190.1M,0.05042016806722689,http://www.linkedin.com/company/burgess%e2%80%8eyachts
Calitii,calitii.com,http://www.calitii.com,London,United Kingdom,2023,N/A,0.09090909090909091,http://www.linkedin.com/company/calitii
Candyspace,candyspace.com,http://www.candyspace.com,London,United Kingdom,2005,10M,0.0,http://www.linkedin.com/company/candyspace-media
Captide,captide.ai,http://www.captide.ai,London,United Kingdom,2024,N/A,0.0,http://www.linkedin.com/company/captide
Captur,captur.ai,http://www.captur.ai,London,United Kingdom,2023,2M,0.0,http://www.linkedin.com/company/captur-ai
Carnot Engines,carnotengines.com,http://www.carnotengines.com,London,United Kingdom,2019,N/A,0.0,http://www.linkedin.com/company/carnot-engines-uk
Cartalogic,cartalogic.co.uk,http://www.cartalogic.co.uk,London,United Kingdom,2023,N/A,0.0,http://www.linkedin.com/company/cartalogic
Cassava Technologies,cassavatechnologies.com,http://www.cassavatechnologies.com,London,United Kingdom,2021,4M,0.05797101449275362,http://www.linkedin.com/company/cassavatechnologies
CATCHES,catches.ai,http://www.catches.ai,London,United Kingdom,2024,N/A,0.0,http://www.linkedin.com/company/catches
CBCX,cbcx.com,http://www.cbcx.com,London,United Kingdom,2010,N/A,0.0,http://www.linkedin.com/company/cbcxgroup
Centauri Therapeutics Limited,centauritherapeutics.com,http://www.centauritherapeutics.com,London,United Kingdom,2014,7.6M,0.0,http://www.linkedin.com/company/centauri-therapeutics-limited
CharterSync,chartersync.com,http://www.chartersync.com,London,United Kingdom,2017,N/A,0.0,http://www.linkedin.com/company/chartersync
CheMastery Group Ltd,chemastery.com,http://www.chemastery.com,London,United Kingdom,2019,830K,0.0,http://www.linkedin.com/company/chemastery
Clarke Banks Group,clarkebanks.com,http://www.clarkebanks.com,London,United Kingdom,2013,N/A,0.0,http://www.linkedin.com/company/clarke-banks-group-limited
Clean Planet Energy,cleanplanet.com,http://www.cleanplanet.com,London,United Kingdom,2018,N/A,0.0,http://www.linkedin.com/company/clean-planet-energy
Cloud Consulting,cloudconsultings.com,http://www.cloudconsultings.com,London,United Kingdom,N/A,N/A,0.0,http://www.linkedin.com/company/cloud-consulting-company
Cloud Cycle Ltd,cloudcycle.com,http://www.cloudcycle.com,London,United Kingdom,2018,N/A,0.0,http://www.linkedin.com/company/cloudcycle
Clove,clove.com,http://www.clove.com,London,United Kingdom,2025,N/A,N/A,http://www.linkedin.com/company/clovefi
CNH,cnh.com,http://www.cnh.com,London,United Kingdom,2012,17.8B,0.002325040688212044,http://www.linkedin.com/company/cnh
ComCab London,comcab.com,http://www.comcab.com,London,United Kingdom,1958,18.5M,N/A,http://www.linkedin.com/company/comcablondon
CoMind,comind.io,http://www.comind.io,London,United Kingdom,2018,N/A,0.3333333333333333,http://www.linkedin.com/company/comindtechnologies
Cosi Care,cosi-care.com,http://www.cosi-care.com,London,United Kingdom,2019,N/A,N/A,http://www.linkedin.com/company/cosi-care
Côte Restaurants,cote.co.uk,http://www.cote.co.uk,London,United Kingdom,2007,182M,-0.08333333333333333,http://www.linkedin.com/company/c-te-brasserie
CrawlJobs,crawljobs.com,http://www.crawljobs.com,London,United Kingdom,2024,N/A,0.0,http://www.linkedin.com/company/crawljobs
Creative Media,creativemediax.com,http://www.creativemediax.com,London,United Kingdom,2000,N/A,0.01351351351351351,http://www.linkedin.com/company/creative-media-x
Creed,creedfragrances.co.uk,http://www.creedfragrances.co.uk,London,United Kingdom,1760,401M,0.06481481481481481,http://www.linkedin.com/company/creedfragrances
Crossover,crossover-av.com,http://www.crossover-av.com,London,United Kingdom,2008,N/A,-0.05263157894736842,http://www.linkedin.com/company/crossover-av
CRU Kafe,crukafe.com,http://www.crukafe.com,London,United Kingdom,2013,3M,0.0,http://www.linkedin.com/company/cru-kafe
Crunch,crunch.info,http://www.crunch.info,London,United Kingdom,2008,N/A,0.0,http://www.linkedin.com/company/crunch-communications
CUR8,cur8.earth,http://www.cur8.earth,London,United Kingdom,2022,1M,0.0,http://www.linkedin.com/company/cur8earth
Curvestone AI,curvestone.io,http://www.curvestone.io,London,United Kingdom,2017,N/A,0.0,http://www.linkedin.com/company/curvestone
Clearwater UW Limited,cw-uw.com,http://www.cw-uw.com,London,United Kingdom,2024,N/A,0.0,http://www.linkedin.com/company/clearwater-uw
CYB3R,cyb3r.group,http://www.cyb3r.group,London,United Kingdom,2019,N/A,0.0,http://www.linkedin.com/company/cyb3rgroup
CYB3R OPERATIONS,cyb3roperations.com,http://www.cyb3roperations.com,London,United Kingdom,2021,N/A,0.0,http://www.linkedin.com/company/cyb3roperations
Cyberseer,cyberseer.net,http://www.cyberseer.net,London,United Kingdom,2014,1.5M,0.0,http://www.linkedin.com/company/cyberseer
Cynosure Talent,cynosuretalent.com,http://www.cynosuretalent.com,London,United Kingdom,2023,N/A,N/A,http://www.linkedin.com/company/cynosuretalent
Dashly,dashly.com,http://www.dashly.com,London,United Kingdom,2018,N/A,0.0,http://www.linkedin.com/company/dashly
DASH Rides,dashrides.com,http://www.dashrides.com,London,United Kingdom,2019,1.2M,N/A,http://www.linkedin.com/company/dash-rides-limited
Dataline Labs,datalinelabs.com,http://www.datalinelabs.com,London,United Kingdom,N/A,N/A,N/A,http://www.linkedin.com/company/dataline-labs
Datavid,datavid.com,http://www.datavid.com,London,United Kingdom,2018,N/A,0.01333333333333333,http://www.linkedin.com/company/datavid
hati,datewithhati.com,http://www.datewithhati.com,London,United Kingdom,2024,N/A,0.0,http://www.linkedin.com/company/datewithhati
Datox,datox.ai,http://www.datox.ai,London,United Kingdom,2023,N/A,0.06666666666666667,http://www.linkedin.com/company/datox-ai
DealFlowAgent.com,dealflowagent.com,http://www.dealflowagent.com,London,United Kingdom,2021,N/A,0.0,http://www.linkedin.com/company/dealflowagent
Deblock,deblock.com,http://www.deblock.com,London,United Kingdom,2022,N/A,0.09523809523809523,http://www.linkedin.com/company/deblock
Deep Render,deeprender.ai,http://www.deeprender.ai,London,United Kingdom,2018,N/A,0.0,http://www.linkedin.com/company/deeprenderltd
Delancey,delancey.com,http://www.delancey.com,London,United Kingdom,1995,10M,0.0,http://www.linkedin.com/company/delancey
Depop,depop.com,http://www.depop.com,London,United Kingdom,2011,128M,-0.01338621715418939,http://www.linkedin.com/company/depop
Detected,detected.co,http://www.detected.co,London,United Kingdom,2020,N/A,0.0,http://www.linkedin.com/company/detected
Dexters,dexters.co.uk,http://www.dexters.co.uk,London,United Kingdom,1993,298M,-0.05882352941176471,http://www.linkedin.com/company/dexters-estate-agents
Disperse,disperse.io,http://www.disperse.io,London,United Kingdom,2015,48.3M,-0.03448275862068965,http://www.linkedin.com/company/disperse-io
DOPS DIGITAL,dopsdigital.com,http://www.dopsdigital.com,London,United Kingdom,2020,N/A,0.0,http://www.linkedin.com/company/dops-digital
Alliantist Limited,dragonflyai.co,http://www.dragonflyai.co,London,United Kingdom,2018,1.4M,0.1666666666666667,http://www.linkedin.com/company/dragonflyai-co
TRIP,drink-trip.com,http://www.drink-trip.com,London,United Kingdom,2019,100M,0.2352941176470588,http://www.linkedin.com/company/tripdrinks
Living Things Soda,drinklivingthings.com,http://www.drinklivingthings.com,London,United Kingdom,2023,N/A,N/A,http://www.linkedin.com/company/living-things-soda
Driven Worldwide,drivenworldwide.com,http://www.drivenworldwide.com,London,United Kingdom,2000,2.6M,0.0,http://www.linkedin.com/company/driven-worldwide
Dwelly,dwelly.group,http://www.dwelly.group,London,United Kingdom,2023,N/A,0.1176470588235294,http://www.linkedin.com/company/dwellygroup
Early,earlyhealth.com,http://www.earlyhealth.com,London,United Kingdom,2022,N/A,0.0,http://www.linkedin.com/company/early-health-limited
Echopoint Medical Ltd,echopointmedical.com,http://www.echopointmedical.com,London,United Kingdom,2018,900K,0.0,http://www.linkedin.com/company/echopoint-medical-ltd
Electric Twin,electrictwin.com,http://www.electrictwin.com,London,United Kingdom,2023,N/A,0.0,http://www.linkedin.com/company/electric-twin
Electron,electron.net,http://www.electron.net,London,United Kingdom,2015,2.5M,0.0,http://www.linkedin.com/company/electron-grid
James & Ella,ella.co,http://www.ella.co,London,United Kingdom,2020,N/A,0.0,http://www.linkedin.com/company/ella-co
El Rayo Tequila,elrayotequila.com,http://www.elrayotequila.com,London,United Kingdom,2018,N/A,0.0,http://www.linkedin.com/company/el-rayo-tequila
embracent,embracent.com,http://www.embracent.com,London,United Kingdom,2015,N/A,0.0,http://www.linkedin.com/company/embracent
Eneba,eneba.com,http://www.eneba.com,London,United Kingdom,2018,57.1M,0.225,http://www.linkedin.com/company/enebagames
Engitix Therapeutics,engitix.com,http://www.engitix.com,London,United Kingdom,2016,N/A,0.0,http://www.linkedin.com/company/engitix-limited
English Cheesecake Company | B Corp Certified,englishcheesecake.com,http://www.englishcheesecake.com,London,United Kingdom,1993,2.9M,0.0,http://www.linkedin.com/company/the-english-cheesecake-company
Enthuse,enthuse.com,http://www.enthuse.com,London,United Kingdom,2012,76K,0.0,http://www.linkedin.com/company/enthuseco
epetōme,epetome.com,http://www.epetome.com,London,United Kingdom,2023,N/A,N/A,http://www.linkedin.com/company/epetome
eStoreBrands,estorebrands.com,http://www.estorebrands.com,London,United Kingdom,2009,1M,0.0,http://www.linkedin.com/company/estorebrands
Eversholt UK Rails Group,eversholtrail.co.uk,http://www.eversholtrail.co.uk,London,United Kingdom,1994,455M,-1.0,http://www.linkedin.com/company/eversholt-rail
Evocon,evocon.com,http://www.evocon.com,London,United Kingdom,2010,4M,0.0,http://www.linkedin.com/company/evocon-o-
Interoute,exainfra.net,http://www.exainfra.net,London,United Kingdom,2021,662.5M,0.0,http://www.linkedin.com/company/interoute
Expedition Growth Capital,expedition.capital,http://www.expedition.capital,London,United Kingdom,2020,N/A,0.2,http://www.linkedin.com/company/expeditiongrowthcapital
EyeQuant,eyequant.com,http://www.eyequant.com,London,United Kingdom,2009,3.1M,0.0,http://www.linkedin.com/company/eyequant
Falkin,falkin.com,http://www.falkin.com,London,United Kingdom,N/A,N/A,N/A,http://www.linkedin.com/company/falkin-ai
Fanvue,fanvue.com,http://www.fanvue.com,London,United Kingdom,2021,N/A,0.3076923076923077,http://www.linkedin.com/company/fanvue
Financial Edge Training,fe.training,http://www.fe.training,London,United Kingdom,2016,N/A,0.0,http://www.linkedin.com/school/financial-edge-training
Feedr,feedr.co,http://www.feedr.co,London,United Kingdom,2016,2M,0.0,http://www.linkedin.com/company/feedr-ltd
Fern Labs,fern-labs.ai,http://www.fern-labs.ai,London,United Kingdom,N/A,N/A,N/A,http://www.linkedin.com/company/fern-labs
Fiera Real Estate Europe,fierarealestate.co.uk,http://www.fierarealestate.co.uk,London,United Kingdom,1992,N/A,N/A,http://www.linkedin.com/company/fiera-real-estate-europe
Fimple,fimple.co.uk,http://www.fimple.co.uk,London,United Kingdom,2022,5.5M,0.04615384615384616,http://www.linkedin.com/company/fimpleos
FINOR Tech,finor.io,http://www.finor.io,London,United Kingdom,2022,N/A,0.0,http://www.linkedin.com/company/finor-tech
Finspector,finspector.ai,http://www.finspector.ai,London,United Kingdom,2024,N/A,1.0,http://www.linkedin.com/company/finspector-ai
Finster AI,finster.ai,http://www.finster.ai,London,United Kingdom,2023,N/A,0.2,http://www.linkedin.com/company/finster-ai
FINTRAIL,fintrail.com,http://www.fintrail.com,London,United Kingdom,2016,N/A,0.0,http://www.linkedin.com/company/fintrail
First Concepts,firstconcepts.co,http://www.firstconcepts.co,London,United Kingdom,N/A,N/A,N/A,http://www.linkedin.com/company/firstconcepts
Fit Collective,fitcollective.io,http://www.fitcollective.io,London,United Kingdom,2023,N/A,0.3333333333333333,http://www.linkedin.com/company/fit-collective-labs
Flashpoint,flashpointvc.com,http://www.flashpointvc.com,London,United Kingdom,2012,N/A,0.2727272727272727,http://www.linkedin.com/company/flashpointinvestments
Flock,flockcover.com,http://www.flockcover.com,London,United Kingdom,2015,4M,-0.2,http://www.linkedin.com/company/flockmotor
Flowla,flowla.com,http://www.flowla.com,London,United Kingdom,2023,567K,0.25,http://www.linkedin.com/company/flowlacom
Footium,footium.club,http://www.footium.club,London,United Kingdom,2021,N/A,0.0,http://www.linkedin.com/company/footium
Form3,form3.tech,http://www.form3.tech,London,United Kingdom,2016,26M,0.1333333333333333,http://www.linkedin.com/company/form3-financial-cloud
Franchise Fame,franchisefame.com,http://www.franchisefame.com,London,United Kingdom,N/A,N/A,N/A,http://www.linkedin.com/company/franchise-fame
Fuse Energy,fuseenergy.com,http://www.fuseenergy.com,London,United Kingdom,2022,401M,-0.07142857142857142,http://www.linkedin.com/company/fuseenergyhq
FYLD,fyld.ai,http://www.fyld.ai,London,United Kingdom,2019,3M,0.5882352941176471,http://www.linkedin.com/company/fyldai
gameplAI,gamepl.ai,http://www.gamepl.ai,London,United Kingdom,N/A,N/A,0.0,http://www.linkedin.com/company/gameplai
General Index,general-index.com,http://www.general-index.com,London,United Kingdom,2020,N/A,0.1764705882352941,http://www.linkedin.com/company/generalindex
Clave,getclave.io,http://www.getclave.io,London,United Kingdom,2023,N/A,0.0,http://www.linkedin.com/company/getclave
GHO Capital Partners LLP,ghocapital.com,http://www.ghocapital.com,London,United Kingdom,2014,25M,-0.07142857142857142,http://www.linkedin.com/company/gho-capital-partners-llp
Gizmo,gizmo.ai,http://www.gizmo.ai,London,United Kingdom,2021,15.3M,-0.1111111111111111,http://www.linkedin.com/company/gizmo-ai
Globacap,globacap.com,http://www.globacap.com,London,United Kingdom,2017,431K,-0.2857142857142857,http://www.linkedin.com/company/globacap
Global Gaming Insider,globalgaminginsider.com,http://www.globalgaminginsider.com,London,United Kingdom,2010,N/A,0.3333333333333333,http://www.linkedin.com/company/globalgaminginsider
G=mc2,gmc2.com,http://www.gmc2.com,London,United Kingdom,2017,N/A,0.0,http://www.linkedin.com/company/g-mc2
Goalhanger,goalhanger.com,http://www.goalhanger.com,London,United Kingdom,2022,N/A,0.0,http://www.linkedin.com/company/goalhanger
Diligent,godiligent.ai,http://www.godiligent.ai,London,United Kingdom,2023,N/A,N/A,http://www.linkedin.com/company/godiligentai
Goldfinger,goldfinger.design,http://www.goldfinger.design,London,United Kingdom,2013,4.5M,0.0,http://www.linkedin.com/company/goldfinger-design
GoodShape,goodshape.com,http://www.goodshape.com,London,United Kingdom,2004,N/A,0.0,http://www.linkedin.com/company/goodshapeworks
Grapevine,grapevine.travel,http://www.grapevine.travel,London,United Kingdom,2020,N/A,0.0,http://www.linkedin.com/company/grapevinetravel
Gutology,gutology.co.uk,http://www.gutology.co.uk,London,United Kingdom,2020,N/A,N/A,http://www.linkedin.com/company/gutology
Hadean,hadean.com,http://www.hadean.com,London,United Kingdom,2015,7M,0.0,http://www.linkedin.com/company/hadean
Hambro Perks,hambroperks.com,http://www.hambroperks.com,London,United Kingdom,2013,N/A,0.0,http://www.linkedin.com/company/hambro-perks
Heat Geek,heatgeek.com,http://www.heatgeek.com,London,United Kingdom,2016,N/A,0.0,http://www.linkedin.com/company/heat-geek
Hello Neighbour,hello-neighbour.com,http://www.hello-neighbour.com,London,United Kingdom,2018,N/A,0.0,http://www.linkedin.com/company/hello-neighbour
Hello Klean,helloklean.com,http://www.helloklean.com,London,United Kingdom,2020,N/A,0.0,http://www.linkedin.com/company/hello-klean
Highview,highviewpower.com,http://www.highviewpower.com,London,United Kingdom,2005,43M,0.0,http://www.linkedin.com/company/highviewpower
HomeCooks,home-cooks.co.uk,http://www.home-cooks.co.uk,London,United Kingdom,2021,1M,0.0,http://www.linkedin.com/company/homecooksuk
Honest Mobile,honestmobile.com,http://www.honestmobile.com,London,United Kingdom,2018,2M,0.0,http://www.linkedin.com/company/honest-mobile
Honoris United Universities,honoris.net,http://www.honoris.net,London,United Kingdom,2017,7M,0.03825136612021858,http://www.linkedin.com/company/honorisuni
HubBox,hub-box.com,http://www.hub-box.com,London,United Kingdom,2015,3.2M,0.07692307692307693,http://www.linkedin.com/company/hubboxhq
Human Native,humannative.ai,http://www.humannative.ai,London,United Kingdom,2024,N/A,0.0,http://www.linkedin.com/company/human-native
Hyperlayer,hyperlayer.com,http://www.hyperlayer.com,London,United Kingdom,2023,N/A,0.0625,http://www.linkedin.com/company/hyperlayertech
HYPERVSN,hypervsn.com,http://www.hypervsn.com,London,United Kingdom,2011,5.5M,0.03703703703703703,http://www.linkedin.com/company/hypervsn
Igneo Infrastructure Partners,igneoip.com,http://www.igneoip.com,London,United Kingdom,1994,20M,-0.02985074626865672,http://www.linkedin.com/company/igneo-infrastructure-partners
Illuminate Financial,illuminatefinancial.com,http://www.illuminatefinancial.com,London,United Kingdom,2014,3.2M,0.0,http://www.linkedin.com/company/illuminate-financial-management
iLoF,ilof.tech,http://www.ilof.tech,London,United Kingdom,2019,3.2M,0.0,http://www.linkedin.com/company/iloftech
Imagen Insights,imageninsights.com,http://www.imageninsights.com,London,United Kingdom,2019,N/A,-0.05882352941176471,http://www.linkedin.com/company/imageninsights
Impli,impli.org,http://www.impli.org,London,United Kingdom,2019,N/A,0.0,http://www.linkedin.com/company/impli
incentifi,incentifi.io,http://www.incentifi.io,London,United Kingdom,2023,N/A,0.0,http://www.linkedin.com/company/incentifi
infoHealth Solutions,infohealth-solutions.co.uk,http://www.infohealth-solutions.co.uk,London,United Kingdom,2006,N/A,-1.0,http://www.linkedin.com/company/infohealth-solutions-ltd
Inside Agent,insideagent365.com,http://www.insideagent365.com,London,United Kingdom,2024,N/A,N/A,http://www.linkedin.com/company/insideagent
InsiderCX,insidercx.com,http://www.insidercx.com,London,United Kingdom,2020,N/A,0.0,http://www.linkedin.com/company/insidercx
Inspired Education Group,inspirededu.com,http://www.inspirededu.com,London,United Kingdom,2003,195M,0.0728744939271255,http://www.linkedin.com/company/inspirededu
Installio,installio.co.uk,http://www.installio.co.uk,London,United Kingdom,N/A,N/A,N/A,http://www.linkedin.com/company/installio
Integrated Finance,integrated.finance,http://www.integrated.finance,London,United Kingdom,2019,1M,0.1111111111111111,http://www.linkedin.com/company/integratedfinance
International Schools Partnership Limited,internationalschoolspartnership.com,http://www.internationalschoolspartnership.com,London,United Kingdom,2013,250M,0.0673854447439353,http://www.linkedin.com/company/international-schools-partnership-limited
Investa,investa.co.uk,http://www.investa.co.uk,London,United Kingdom,N/A,N/A,0.0,http://www.linkedin.com/company/investauk
Invyted,invyted.com,http://www.invyted.com,London,United Kingdom,2022,N/A,0.6666666666666666,http://www.linkedin.com/company/invyted
IONETIC,ionetic.com,http://www.ionetic.com,London,United Kingdom,2022,N/A,N/A,http://www.linkedin.com/company/ionetic
Iron Games,iron.gs,http://www.iron.gs,London,United Kingdom,N/A,N/A,N/A,http://www.linkedin.com/company/iron-games
Isembard,isembard.com,http://www.isembard.com,London,United Kingdom,2024,N/A,0.6666666666666666,http://www.linkedin.com/company/isembard
ivee,ivee.jobs,http://www.ivee.jobs,London,United Kingdom,2023,N/A,0.0,http://www.linkedin.com/company/iveejobs
Jack & Jill,jackandjill.ai,http://www.jackandjill.ai,London,United Kingdom,2025,N/A,0.125,http://www.linkedin.com/company/jackandjillai
Jennis,jennis.com,http://www.jennis.com,London,United Kingdom,2019,N/A,0.0,http://www.linkedin.com/company/jennis-cyclemapping
Jigcar,jigcar.com,http://www.jigcar.com,London,United Kingdom,2023,N/A,N/A,http://www.linkedin.com/company/jigcar
JJCFinTech,jjcfintech.com,http://www.jjcfintech.com,London,United Kingdom,2017,N/A,0.0,http://www.linkedin.com/company/jjcfintech
Dig,joindig.co.uk,http://www.joindig.co.uk,London,United Kingdom,2022,N/A,0.0,http://www.linkedin.com/company/joindig
RORA,joinrora.com,http://www.joinrora.com,London,United Kingdom,2017,N/A,0.0,http://www.linkedin.com/company/joinrora
JTRE London,jtrelondon.co.uk,http://www.jtrelondon.co.uk,London,United Kingdom,2019,N/A,0.0,http://www.linkedin.com/company/jtre-london
JULIENNE BRUNO®,juliennebruno.com,http://www.juliennebruno.com,London,United Kingdom,2020,1M,0.0,http://www.linkedin.com/company/juliennebruno
Kampus,kampus24.com,http://www.kampus24.com,London,United Kingdom,2020,N/A,0.0,http://www.linkedin.com/company/kampus24
Kavida AI (Acquired by QAD),kavida.ai,http://www.kavida.ai,London,United Kingdom,2020,1.2M,-0.4736842105263158,http://www.linkedin.com/company/kavida-ai
Kester,kestercapital.com,http://www.kestercapital.com,London,United Kingdom,2007,15M,0.0,http://www.linkedin.com/company/kester-capital
Keyless (part of Ping Identity),keyless.io,http://www.keyless.io,London,United Kingdom,2019,8M,0.0,http://www.linkedin.com/company/keylesstech
Keyzy,keyzy.com,http://www.keyzy.com,London,United Kingdom,2020,1M,-0.2857142857142857,http://www.linkedin.com/company/keyzy-homes
Kinleigh Folkard & Hayward,kfh.co.uk,http://www.kfh.co.uk,London,United Kingdom,1977,111M,0.0,http://www.linkedin.com/company/kinleigh-folkard-&-hayward
KidsKnowBest,kidsknowbest.co.uk,http://www.kidsknowbest.co.uk,London,United Kingdom,2017,1.2M,0.0,http://www.linkedin.com/company/kids-know-best
Kikin,kikin.io,http://www.kikin.io,London,United Kingdom,2023,N/A,0.0,http://www.linkedin.com/company/kikin-finance
Kinfolk,kinfolkhq.com,http://www.kinfolkhq.com,London,United Kingdom,2023,N/A,0.0,http://www.linkedin.com/company/kinfolkhq
Kraken,kraken.tech,http://www.kraken.tech,London,United Kingdom,2019,500M,0.1166306695464363,http://www.linkedin.com/company/krakentech
Kuppa,kuppa.co.uk,http://www.kuppa.co.uk,London,United Kingdom,2022,N/A,N/A,http://www.linkedin.com/company/yourkuppa
LabGenius Therapeutics,labgeniustx.com,http://www.labgeniustx.com,London,United Kingdom,2012,2.3M,0.0,http://www.linkedin.com/company/labgeniustx
LaunchLemonade🍋,launchlemonade.app,http://www.launchlemonade.app,London,United Kingdom,2024,N/A,-1.0,http://www.linkedin.com/company/launchlemonade
Le Col,lecol.cc,http://www.lecol.cc,London,United Kingdom,2011,N/A,0.0,http://www.linkedin.com/company/le-col
LegalGeek,legalgeek.co,http://www.legalgeek.co,London,United Kingdom,2015,N/A,0.0,http://www.linkedin.com/company/legalgeek
Legl,legl.com,http://www.legl.com,London,United Kingdom,2019,1.5M,1.666666666666667,http://www.linkedin.com/company/legl-uk
Levellr,levellr.com,http://www.levellr.com,London,United Kingdom,2021,N/A,0.0,http://www.linkedin.com/company/levellr
Lickd,lickd.co,http://www.lickd.co,London,United Kingdom,2016,N/A,0.0,http://www.linkedin.com/company/lickd
Limetrack,limetrack.earth,http://www.limetrack.earth,London,United Kingdom,2021,N/A,-1.0,http://www.linkedin.com/company/limetrack
ListAlpha,listalpha.com,http://www.listalpha.com,London,United Kingdom,2022,N/A,0.0,http://www.linkedin.com/company/joinlistalpha
LOAH,loah.beer,http://www.loah.beer,London,United Kingdom,2020,N/A,0.0,http://www.linkedin.com/company/loah-beer
Loctax,loctax.com,http://www.loctax.com,London,United Kingdom,2020,4.1M,0.0,http://www.linkedin.com/company/loctax
London City Airport,londoncityairport.com,http://www.londoncityairport.com,London,United Kingdom,1987,144M,0.0,http://www.linkedin.com/company/london-city-airport
Long Harbour Ltd,longharbour.co.uk,http://www.longharbour.co.uk,London,United Kingdom,2009,N/A,0.0,http://www.linkedin.com/company/long-harbour-ltd
Longshot Limited,longshotltd.com,http://www.longshotltd.com,London,United Kingdom,1994,N/A,0.0,http://www.linkedin.com/company/longshot-limited
Low Carbon,lowcarbon.com,http://www.lowcarbon.com,London,United Kingdom,2011,2.4M,0.0,http://www.linkedin.com/company/low-carbon
Loxa,loxacover.com,http://www.loxacover.com,London,United Kingdom,2023,N/A,0.0,http://www.linkedin.com/company/loxa-cover
Luna Daily,luna-daily.com,http://www.luna-daily.com,London,United Kingdom,2019,1.5M,0.5,http://www.linkedin.com/company/luna-daily
Lúnasa Space,lunasaspace.com,http://www.lunasaspace.com,London,United Kingdom,2021,N/A,0.0,http://www.linkedin.com/company/lunasaspace
Lupa,lupapets.com,http://www.lupapets.com,London,United Kingdom,2023,N/A,0.1666666666666667,http://www.linkedin.com/company/lupapets
Macro Hive,macrohive.com,http://www.macrohive.com,London,United Kingdom,2019,388K,0.0,http://www.linkedin.com/company/macro-hive
MAGIC AI,magic.fit,http://www.magic.fit,London,United Kingdom,2021,N/A,0.0,http://www.linkedin.com/company/magicfit2021
Magma Maths,magmamaths.co.uk,http://www.magmamaths.co.uk,London,United Kingdom,N/A,N/A,N/A,http://www.linkedin.com/company/magma-maths-uk
ManaMind,manamind.ai,http://www.manamind.ai,London,United Kingdom,2025,N/A,-1.0,http://www.linkedin.com/company/manamind
Manors Golf Apparel,manorsgolf.com,http://www.manorsgolf.com,London,United Kingdom,N/A,N/A,0.0,http://www.linkedin.com/company/manors-golf
Manual,manual.co,http://www.manual.co,London,United Kingdom,2018,150.2M,0.1867469879518072,http://www.linkedin.com/company/manualco
Marleybones,marleybones.com,http://www.marleybones.com,London,United Kingdom,2020,N/A,0.0,http://www.linkedin.com/company/marleybones
MARSS Group,marss.com,http://www.marss.com,London,United Kingdom,2005,18.3M,-0.03125,http://www.linkedin.com/company/marssgroup
Mater-AI,mater-ai.com,http://www.mater-ai.com,London,United Kingdom,2023,N/A,N/A,http://www.linkedin.com/company/mater-ai
Matter Real Estate,matterrealestate.co.uk,http://www.matterrealestate.co.uk,London,United Kingdom,2021,N/A,1.0,http://www.linkedin.com/company/matterrealestate
MaxOptra,maxoptra.com,http://www.maxoptra.com,London,United Kingdom,1999,N/A,0.0,http://www.linkedin.com/company/maxoptra
Me3,me3.io,http://www.me3.io,London,United Kingdom,2021,N/A,0.1,http://www.linkedin.com/company/me3labs
Media Marketing Compliance,mediamarketingcompliance.com,http://www.mediamarketingcompliance.com,London,United Kingdom,2019,N/A,-0.07692307692307693,http://www.linkedin.com/company/media-marketing-compliance
Dex,meetdex.ai,http://www.meetdex.ai,London,United Kingdom,2025,N/A,0.0,http://www.linkedin.com/company/meetdex
Linda AI,meetlinda.ai,http://www.meetlinda.ai,London,United Kingdom,N/A,N/A,N/A,http://www.linkedin.com/company/meetlinda
Mesh-AI,mesh-ai.com,http://www.mesh-ai.com,London,United Kingdom,2021,14M,0.0,http://www.linkedin.com/company/wearemesh-ai
Milliways,milliwaysfood.com,http://www.milliwaysfood.com,London,United Kingdom,N/A,N/A,0.0,http://www.linkedin.com/company/milliwaysfood
Missouri Creative,missouri-creative.com,http://www.missouri-creative.com,London,United Kingdom,2013,232K,0.0,http://www.linkedin.com/company/missouri-creative
MML Capital Partners,mmlcapital.com,http://www.mmlcapital.com,London,United Kingdom,1988,24.0M,0.0,http://www.linkedin.com/company/mml-capital-partners
Mobihealth International,mobihealthinternational.com,http://www.mobihealthinternational.com,London,United Kingdom,2017,N/A,0.07692307692307693,http://www.linkedin.com/company/mobihealthinternational
Modo Energy,modoenergy.com,http://www.modoenergy.com,London,United Kingdom,2019,N/A,0.1,http://www.linkedin.com/company/modo-energy
Mondra,mondra.com,http://www.mondra.com,London,United Kingdom,2020,N/A,-0.05263157894736842,http://www.linkedin.com/company/mondra
Monolith,monolithai.com,http://www.monolithai.com,London,United Kingdom,2016,2.5M,0.0,http://www.linkedin.com/company/monolith-ai
Monq,monq.io,http://www.monq.io,London,United Kingdom,2025,N/A,N/A,http://www.linkedin.com/company/monqai
Montagu,montagu.com,http://www.montagu.com,London,United Kingdom,1968,26.9M,0.0,http://www.linkedin.com/company/montagupe
Motorway,motorway.co.uk,http://www.motorway.co.uk,London,United Kingdom,2017,83M,-0.05263157894736842,http://www.linkedin.com/company/motorway-online-ltd.
Movmenta,movmenta.com,http://www.movmenta.com,London,United Kingdom,2022,N/A,0.0,http://www.linkedin.com/company/movmenta
Mutable Tactics,mutabletactics.ai,http://www.mutabletactics.ai,London,United Kingdom,2024,N/A,N/A,http://www.linkedin.com/company/mutabletactics
MyARC,myarc.fitness,http://www.myarc.fitness,London,United Kingdom,2019,N/A,-0.375,http://www.linkedin.com/company/my-arc
native,native.fm,http://www.native.fm,London,United Kingdom,2015,N/A,0.4545454545454545,http://www.linkedin.com/company/nativecampus
Nesti,nesti.io,http://www.nesti.io,London,United Kingdom,2022,N/A,0.0,http://www.linkedin.com/company/nesti-io
Network Auctions (Part of BTG Eddisons),networkauctions.co.uk,http://www.networkauctions.co.uk,London,United Kingdom,N/A,554K,N/A,http://www.linkedin.com/company/network-auctions
Nexcade,nexcade.ai,http://www.nexcade.ai,London,United Kingdom,N/A,N/A,N/A,http://www.linkedin.com/company/nexcadeai
NI for Health & Clinical Excellence,nice.org.uk,http://www.nice.org.uk,London,United Kingdom,1999,75M,0.07692307692307693,http://www.linkedin.com/company/national-institute-for-health-and-care-excellence
Ninja Tune,ninjatune.net,http://www.ninjatune.net,London,United Kingdom,1990,21M,0.0,http://www.linkedin.com/company/ninja-tune
NorthRow (an ID-Pal company),northrow.com,http://www.northrow.com,London,United Kingdom,2010,5.5M,0.0,http://www.linkedin.com/company/northrow
Not On The High Street,notonthehighstreet.com,http://www.notonthehighstreet.com,London,United Kingdom,2006,33M,0.0,http://www.linkedin.com/company/notonthehighstreet-com
Notpla,notpla.com,http://www.notpla.com,London,United Kingdom,2014,2.3M,0.0,http://www.linkedin.com/company/notpla
Novastar Ventures,novastarventures.com,http://www.novastarventures.com,London,United Kingdom,2014,N/A,-0.07692307692307693,http://www.linkedin.com/company/novastar-ventures
nPlan,nplan.io,http://www.nplan.io,London,United Kingdom,2017,1M,0.6666666666666666,http://www.linkedin.com/company/nplan
nsave,nsave.com,http://www.nsave.com,London,United Kingdom,2022,N/A,0.7,http://www.linkedin.com/company/nsavecom
NSE (National Student Esports),nse.gg,http://www.nse.gg,London,United Kingdom,2018,N/A,0.0,http://www.linkedin.com/company/national-student-esports
Nucleus Commercial Finance,nucleuscommercialfinance.com,http://www.nucleuscommercialfinance.com,London,United Kingdom,2011,4.1M,0.0,http://www.linkedin.com/company/nucleus-commercial-finance-ltd-
Nyxium,nyxium.ai,http://www.nyxium.ai,London,United Kingdom,N/A,N/A,2.0,http://www.linkedin.com/company/nyxium-ai
OceanSaver,ocean-saver.com,http://www.ocean-saver.com,London,United Kingdom,2018,N/A,0.0,http://www.linkedin.com/company/oceansaver
OctaiPipe,octaipipe.ai,http://www.octaipipe.ai,London,United Kingdom,2016,N/A,0.0,http://www.linkedin.com/company/octaipipe
Odore,odore.com,http://www.odore.com,London,United Kingdom,2018,N/A,0.08333333333333333,http://www.linkedin.com/company/odore
Ogre AI,ogre.ai,http://www.ogre.ai,London,United Kingdom,2021,N/A,0.0,http://www.linkedin.com/company/ogre-ai
Ohalo,ohalo.co,http://www.ohalo.co,London,United Kingdom,2017,1.2M,0.1333333333333333,http://www.linkedin.com/company/ohalo-limited
OK COOL,okcool.io,http://www.okcool.io,London,United Kingdom,2016,166.3M,0.1590909090909091,http://www.linkedin.com/company/ok-cool
OneHive 🐝,onehive.ai,http://www.onehive.ai,London,United Kingdom,2024,N/A,0.0,http://www.linkedin.com/company/onehive.ai
ONE Strategy Studio,onestrategystudio.com,http://www.onestrategystudio.com,London,United Kingdom,2023,N/A,0.0,http://www.linkedin.com/company/one-strategy-studio
OptimalSlope Ltd,optimalslope.com,http://www.optimalslope.com,London,United Kingdom,2021,N/A,0.0,http://www.linkedin.com/company/optimalslope
Optimizon,optimizon.co.uk,http://www.optimizon.co.uk,London,United Kingdom,2016,1.3M,0.1666666666666667,http://www.linkedin.com/company/optimizon-ltd
Ori,ori.co,http://www.ori.co,London,United Kingdom,2018,11M,-0.1666666666666667,http://www.linkedin.com/company/ori-global-cloud
Ostium,ostium.com,http://www.ostium.com,London,United Kingdom,N/A,1M,0.1875,http://www.linkedin.com/company/ostium-labs
OUNO,ounoapp.com,http://www.ounoapp.com,London,United Kingdom,2019,N/A,0.0,http://www.linkedin.com/company/ouno-app
Oval Real Estate,ovalrealestate.com,http://www.ovalrealestate.com,London,United Kingdom,N/A,N/A,0.0,http://www.linkedin.com/company/oval-real-estate-limited
Overmind,overmindlab.ai,http://www.overmindlab.ai,London,United Kingdom,N/A,N/A,N/A,http://www.linkedin.com/company/over-mind-ai
Packamama,packamama.com,http://www.packamama.com,London,United Kingdom,N/A,N/A,0.2,http://www.linkedin.com/company/packamama
Pallma AI,pallma.ai,http://www.pallma.ai,London,United Kingdom,2025,N/A,N/A,http://www.linkedin.com/company/pallma-ai
Pantaloon,pantaloon.io,http://www.pantaloon.io,London,United Kingdom,2023,N/A,0.0,http://www.linkedin.com/company/pantaloon-interactive
Paragon Global Brands,paragon.world,http://www.paragon.world,London,United Kingdom,2010,1.3B,0.2083333333333333,http://www.linkedin.com/company/paragon-global-brands
Park Square Capital,parksquarecapital.com,http://www.parksquarecapital.com,London,United Kingdom,2004,38.8M,0.05555555555555555,http://www.linkedin.com/company/park-square-capital
Partnerbrite,partnerbrite.com,http://www.partnerbrite.com,London,United Kingdom,N/A,N/A,-0.4,http://www.linkedin.com/company/partnerbrite
Patchwork Health,patchwork.health,http://www.patchwork.health,London,United Kingdom,2016,8M,0.0,http://www.linkedin.com/company/heypatchwork
Peachaus,peachaus.com,http://www.peachaus.com,London,United Kingdom,2021,N/A,0.0,http://www.linkedin.com/company/peachaus
Pearson Ham Group | The Pricing Specialists,pearsonhamgroup.com,http://www.pearsonhamgroup.com,London,United Kingdom,2013,N/A,-0.8333333333333334,http://www.linkedin.com/company/pearson-ham-group
Pensight,pensight.com,http://www.pensight.com,London,United Kingdom,N/A,N/A,0.3333333333333333,http://www.linkedin.com/company/pensight
PerchPeek,perchpeek.com,http://www.perchpeek.com,London,United Kingdom,2018,4.8M,0.2222222222222222,http://www.linkedin.com/company/perchpeek
PerfectTed,perfectted.com,http://www.perfectted.com,London,United Kingdom,2021,N/A,0.3333333333333333,http://www.linkedin.com/company/perfectted
Perfumer H,perfumerh.com,http://www.perfumerh.com,London,United Kingdom,2015,N/A,0.0,http://www.linkedin.com/company/perfumer-h
permutable.ai,permutable.ai,http://www.permutable.ai,London,United Kingdom,2020,N/A,0.0,http://www.linkedin.com/company/permutableai
Pharos Architectural Controls Ltd,pharoscontrols.com,http://www.pharoscontrols.com,London,United Kingdom,2004,4M,0.0,http://www.linkedin.com/company/pharoscontrols
Phenna Group,phennagroup.com,http://www.phennagroup.com,London,United Kingdom,2019,628.3M,0.0,http://www.linkedin.com/company/phenna-group
Pixels,pixels.ai,http://www.pixels.ai,London,United Kingdom,N/A,N/A,0.5,http://www.linkedin.com/company/pixels-ai
Planda,planda.ai,http://www.planda.ai,London,United Kingdom,2023,N/A,0.0,http://www.linkedin.com/company/planda-ai
Plandek,plandek.com,http://www.plandek.com,London,United Kingdom,2017,3M,0.1428571428571428,http://www.linkedin.com/company/plandek
Planky,planky.com,http://www.planky.com,London,United Kingdom,2014,7.5M,N/A,http://www.linkedin.com/company/planky-official
Plantec Ventures,plantec.io,http://www.plantec.io,London,United Kingdom,2022,N/A,0.0,http://www.linkedin.com/company/plantec-ltd
Play AI,playai.network,http://www.playai.network,London,United Kingdom,N/A,N/A,-0.2857142857142857,http://www.linkedin.com/company/playainetwork
Playter,playter.co,http://www.playter.co,London,United Kingdom,2021,500K,-1.0,http://www.linkedin.com/company/playtertech
Ploy,ploy.io,http://www.ploy.io,London,United Kingdom,2023,N/A,N/A,http://www.linkedin.com/company/joinploy
Polaron,polaron.ai,http://www.polaron.ai,London,United Kingdom,2023,N/A,0.0,http://www.linkedin.com/company/polaron-ai
PolyModels Hub,polymodelshub.com,http://www.polymodelshub.com,London,United Kingdom,2023,N/A,N/A,http://www.linkedin.com/company/polymodels-hub
Ponda,ponda.bio,http://www.ponda.bio,London,United Kingdom,2020,N/A,0.0,http://www.linkedin.com/company/pondabio
Pontaq,pontaq.vc,http://www.pontaq.vc,London,United Kingdom,2015,N/A,0.05882352941176471,http://www.linkedin.com/company/pontaq
Preventr®,preventr.co,http://www.preventr.co,London,United Kingdom,2024,N/A,N/A,http://www.linkedin.com/company/preventr
Procure Ai,procure.ai,http://www.procure.ai,London,United Kingdom,2020,N/A,0.0,http://www.linkedin.com/company/procureai
ProFinda,profinda.com,http://www.profinda.com,London,United Kingdom,2011,450K,0.0,http://www.linkedin.com/company/profinda-com
ProtonDx,protondx.com,http://www.protondx.com,London,United Kingdom,2020,N/A,0.25,http://www.linkedin.com/company/protondx
Qlarifi,qlarifi.com,http://www.qlarifi.com,London,United Kingdom,2023,N/A,-1.0,http://www.linkedin.com/company/qlarifi
Qualis Flow (Qflow),qualisflow.com,http://www.qualisflow.com,London,United Kingdom,2018,1M,0.0,http://www.linkedin.com/company/qualis-flow
Querio,querio.ai,http://www.querio.ai,London,United Kingdom,2024,N/A,0.0,http://www.linkedin.com/company/querioai
Ranger Fire & Security,rangerfs.com,http://www.rangerfs.com,London,United Kingdom,2022,N/A,N/A,http://www.linkedin.com/company/ranger-fire-and-security
Raylo,raylo.com,http://www.raylo.com,London,United Kingdom,2019,38M,0.25,http://www.linkedin.com/company/raylo
Royal College of Art,rca.ac.uk,http://www.rca.ac.uk,London,United Kingdom,1836,125M,0.03125,http://www.linkedin.com/school/royal-college-of-art
Reelables,reelables.com,http://www.reelables.com,London,United Kingdom,2018,N/A,0.5,http://www.linkedin.com/company/reelables
Reflo®,reflo.com,http://www.reflo.com,London,United Kingdom,2001,N/A,0.06666666666666667,http://www.linkedin.com/company/refloofficial
REG Technologies,reg.uk.com,http://www.reg.uk.com,London,United Kingdom,2013,6M,1.0,http://www.linkedin.com/company/reg-uk
Relation,relationrx.com,http://www.relationrx.com,London,United Kingdom,2019,15.2M,0.0,http://www.linkedin.com/company/relation-therapeutics
Replacer,replacer.com,http://www.replacer.com,London,United Kingdom,2024,N/A,0.0,http://www.linkedin.com/company/replacer.com
Resurrect Bio,resurrect.bio,http://www.resurrect.bio,London,United Kingdom,2022,3.5M,N/A,http://www.linkedin.com/company/resurrectbio
Retail247,retail247.com,http://www.retail247.com,London,United Kingdom,2014,N/A,0.0,http://www.linkedin.com/company/retail247-consulting-litd
Rightcharge,rightcharge.com,http://www.rightcharge.com,London,United Kingdom,2019,N/A,0.0,http://www.linkedin.com/company/rightcharge
Roarsome,roarsome.com,http://www.roarsome.com,London,United Kingdom,2017,N/A,N/A,http://www.linkedin.com/company/roarsome
Salary Finance,salaryfinance.com,http://www.salaryfinance.com,London,United Kingdom,2015,16.8M,-0.08333333333333333,http://www.linkedin.com/company/salaryfinance
Sandtable,sandtable.com,http://www.sandtable.com,London,United Kingdom,2005,2M,2.0,http://www.linkedin.com/company/sandtable-ltd.
Sanome,sanome.com,http://www.sanome.com,London,United Kingdom,2020,N/A,0.0,http://www.linkedin.com/company/sanome
SAPI,sapi.com,http://www.sapi.com,London,United Kingdom,2020,58M,0.07692307692307693,http://www.linkedin.com/company/sapigroup
SatVu,satellitevu.com,http://www.satellitevu.com,London,United Kingdom,2016,6M,0.6666666666666666,http://www.linkedin.com/company/satvu
Saturn,saturnos.com,http://www.saturnos.com,London,United Kingdom,2023,N/A,0.02777777777777778,http://www.linkedin.com/company/saturntechnology
Saulderson Media,saulderson.com,http://www.saulderson.com,London,United Kingdom,2018,N/A,0.0,http://www.linkedin.com/company/saulderson
Save the Children International,savethechildren.net,http://www.savethechildren.net,London,United Kingdom,1919,1.1B,-0.006714517249363279,http://www.linkedin.com/company/save-the-children-international
Scaleup Finance,scaleup.finance,http://www.scaleup.finance,London,United Kingdom,2021,4M,0.0,http://www.linkedin.com/company/scaleup-finance
Scan.com,scan.com,http://www.scan.com,London,United Kingdom,2017,14.4M,0.1081081081081081,http://www.linkedin.com/company/scan.com
Seamflow,seamflow.com,http://www.seamflow.com,London,United Kingdom,2025,N/A,0.0,http://www.linkedin.com/company/seamflow
Searchable,searchable.com,http://www.searchable.com,London,United Kingdom,2025,2.7M,N/A,http://www.linkedin.com/company/trysearchable
Seat Unique,seatunique.com,http://www.seatunique.com,London,United Kingdom,2018,N/A,-0.25,http://www.linkedin.com/company/seat-unique
Sen,sen.com,http://www.sen.com,London,United Kingdom,2014,N/A,-0.04166666666666666,http://www.linkedin.com/company/sen
Shackleton Design and Manufacturing Co. Ltd.,shackleton.com,http://www.shackleton.com,London,United Kingdom,2016,N/A,0.0,http://www.linkedin.com/company/shackletonofficial
SharpCloud from Lumivero,sharpcloud.com,http://www.sharpcloud.com,London,United Kingdom,2012,5.5M,-0.1666666666666667,http://www.linkedin.com/company/sharpcloud-software-ltd-
SheerLuxe,sheerluxe.com,http://www.sheerluxe.com,London,United Kingdom,2007,3.2M,0.0,http://www.linkedin.com/company/sheerluxe
SheMed,shemed.co.uk,http://www.shemed.co.uk,London,United Kingdom,2024,N/A,0.3333333333333333,http://www.linkedin.com/company/shemed
Shop Circle,shopcircle.co,http://www.shopcircle.co,London,United Kingdom,2021,43.3M,0.004608294930875576,http://www.linkedin.com/company/shop-circle
Shuttle,shuttle.dev,http://www.shuttle.dev,London,United Kingdom,2020,N/A,0.0,http://www.linkedin.com/company/shuttle-yc
Sidara,sidaracollaborative.com,http://www.sidaracollaborative.com,London,United Kingdom,1986,3B,0.08333333333333333,http://www.linkedin.com/company/sidara
Sidekick,sidekickmoney.com,http://www.sidekickmoney.com,London,United Kingdom,2022,1M,0.0,http://www.linkedin.com/company/sidekick-money
SIME Diagnostics,simedx.com,http://www.simedx.com,London,United Kingdom,2014,N/A,-0.2,http://www.linkedin.com/company/sime-diagnostics
Slipform Engineering,slipformengineering.co.uk,http://www.slipformengineering.co.uk,London,United Kingdom,2015,N/A,0.0,http://www.linkedin.com/company/slipform-engineering
SLNG,slng.ai,http://www.slng.ai,London,United Kingdom,2025,N/A,N/A,http://www.linkedin.com/company/slng-ai
Smiths Interconnect,smithsinterconnect.com,http://www.smithsinterconnect.com,London,United Kingdom,2008,558M,-0.007668711656441718,http://www.linkedin.com/company/smiths-interconnect
SOF (Substance Over Form Ltd.),sof-ltd.com,http://www.sof-ltd.com,London,United Kingdom,2014,N/A,0.0,http://www.linkedin.com/company/substance-over-form-limited
Sokin,sokin.com,http://www.sokin.com,London,United Kingdom,2019,29M,0.2428571428571429,http://www.linkedin.com/company/sokin
Solidatus,solidatus.com,http://www.solidatus.com,London,United Kingdom,2011,3.3M,0.0,http://www.linkedin.com/company/solidatus
SOLIVUS,solivus.com,http://www.solivus.com,London,United Kingdom,2016,2M,0.0,http://www.linkedin.com/company/solivus
Solo60,solo60.com,http://www.solo60.com,London,United Kingdom,2019,N/A,0.0,http://www.linkedin.com/company/solosixty
SOLVE Chemistry,solvechemistry.com,http://www.solvechemistry.com,London,United Kingdom,2024,N/A,N/A,http://www.linkedin.com/company/solve-chemistry
Solve Intelligence,solveintelligence.com,http://www.solveintelligence.com,London,United Kingdom,2023,300K,0.4,http://www.linkedin.com/company/solve-intelligence
Spoon Cereals,spooncereals.co.uk,http://www.spooncereals.co.uk,London,United Kingdom,N/A,1.8M,N/A,http://www.linkedin.com/company/spoon-cereals-uk-ltd
SPORTL,sportl.co.uk,http://www.sportl.co.uk,London,United Kingdom,2025,N/A,0.0,http://www.linkedin.com/company/sportl-app
Spot Ship,spot-ship.com,http://www.spot-ship.com,London,United Kingdom,2019,N/A,0.0,http://www.linkedin.com/company/spot-ship
Springpod,springpod.com,http://www.springpod.com,London,United Kingdom,2016,140.4M,0.0,http://www.linkedin.com/company/springpod
Sprive,sprive.com,http://www.sprive.com,London,United Kingdom,2019,450K,0.9,http://www.linkedin.com/company/sprive-com
Schroders Personal Wealth,spw.com,http://www.spw.com,London,United Kingdom,2019,228M,0.1428571428571428,http://www.linkedin.com/company/spw-wealth
Stacks,stacks.ai,http://www.stacks.ai,London,United Kingdom,N/A,N/A,0.0,http://www.linkedin.com/company/stacks-ai
Stackt,stackt.co.uk,http://www.stackt.co.uk,London,United Kingdom,2021,N/A,-0.1666666666666667,http://www.linkedin.com/company/stacktcouk
Stafford Capital Partners,staffordcp.com,http://www.staffordcp.com,London,United Kingdom,2000,N/A,0.0,http://www.linkedin.com/company/stafford-capital-partners
Stanhope AI,stanhopeai.com,http://www.stanhopeai.com,London,United Kingdom,2021,N/A,N/A,http://www.linkedin.com/company/stanhope-ai
Statera Energy,stateraenergy.co.uk,http://www.stateraenergy.co.uk,London,United Kingdom,2015,1M,0.0,http://www.linkedin.com/company/statera-energy-limited
STAXY,staxy.live,http://www.staxy.live,London,United Kingdom,N/A,N/A,0.0,http://www.linkedin.com/company/staxy
SteelEye,steel-eye.com,http://www.steel-eye.com,London,United Kingdom,2017,18M,0.02173913043478261,http://www.linkedin.com/company/steeleye
stylus,stylus.education,http://www.stylus.education,London,United Kingdom,N/A,N/A,0.0,http://www.linkedin.com/company/s-t-y-l-u-s
SurrealDB,surrealdb.com,http://www.surrealdb.com,London,United Kingdom,2022,2.1M,0.0,http://www.linkedin.com/company/surrealdb
Syd Life AI,syd.life,http://www.syd.life,London,United Kingdom,2015,N/A,0.375,http://www.linkedin.com/company/syd-life-ai
Symfos,symfos.com,http://www.symfos.com,London,United Kingdom,2016,N/A,0.0,http://www.linkedin.com/company/symfos
SYNQ,synq.io,http://www.synq.io,London,United Kingdom,2022,N/A,0.0,http://www.linkedin.com/company/getsynq
Synthesia,synthesia.io,http://www.synthesia.io,London,United Kingdom,2017,100M,0.2275449101796407,http://www.linkedin.com/company/synthesia-technologies
Taggstar,taggstar.com,http://www.taggstar.com,London,United Kingdom,2013,722K,0.1111111111111111,http://www.linkedin.com/company/taggstar
Tallarium,tallarium.com,http://www.tallarium.com,London,United Kingdom,2015,N/A,0.0,http://www.linkedin.com/company/tallarium
Tangible,tangible.finance,http://www.tangible.finance,London,United Kingdom,2021,N/A,0.0,http://www.linkedin.com/company/tangibleplatform
TDR Capital,tdrcapital.com,http://www.tdrcapital.com,London,United Kingdom,2002,83.5M,0.0,http://www.linkedin.com/company/tdr-capital
Techspert,techspert.com,http://www.techspert.com,London,United Kingdom,2016,2M,0.05714285714285714,http://www.linkedin.com/company/techspert-com
TekCor4,tekcor4.com,http://www.tekcor4.com,London,United Kingdom,2023,N/A,0.0,http://www.linkedin.com/company/tekcor4
tem,tem.energy,http://www.tem.energy,London,United Kingdom,2021,18.9M,0.0,http://www.linkedin.com/company/tem-energy
Tembo,tembomoney.com,http://www.tembomoney.com,London,United Kingdom,2020,12M,0.0,http://www.linkedin.com/company/tembo-money
Tenora,tenora.com,http://www.tenora.com,London,United Kingdom,N/A,N/A,1.5,http://www.linkedin.com/company/tenoragroup
Tewke,tewke.com,http://www.tewke.com,London,United Kingdom,2019,N/A,0.0,http://www.linkedin.com/company/tewke
Ben,thanksben.com,http://www.thanksben.com,London,United Kingdom,2019,61.8M,0.0,http://www.linkedin.com/company/thanksben
Creator Fund,thecreatorfund.com,http://www.thecreatorfund.com,London,United Kingdom,2019,N/A,0.0,http://www.linkedin.com/company/creator-fund
Humanoid,thehumanoid.ai,http://www.thehumanoid.ai,London,United Kingdom,2024,N/A,0.26,http://www.linkedin.com/company/humanoidai
Little Door & Co.,thelittledoorandco.com,http://www.thelittledoorandco.com,London,United Kingdom,2014,N/A,0.0,http://www.linkedin.com/company/littledoorandco
Thema,thema.ai,http://www.thema.ai,London,United Kingdom,2022,N/A,0.0,http://www.linkedin.com/company/thema-ai
Mindsite,themindsite.com,http://www.themindsite.com,London,United Kingdom,2019,N/A,0.1886792452830189,http://www.linkedin.com/company/themindsite
Thier,thier.io,http://www.thier.io,London,United Kingdom,2022,N/A,N/A,http://www.linkedin.com/company/be-healthier-be-wealthier-use-thier
Thinks Insight & Strategy,thinksinsight.com,http://www.thinksinsight.com,London,United Kingdom,2010,N/A,0.0,http://www.linkedin.com/company/thinksinsight
Thought Machine,thoughtmachine.net,http://www.thoughtmachine.net,London,United Kingdom,2014,60M,0.006896551724137931,http://www.linkedin.com/company/thought-machine
ThreatAware,threataware.com,http://www.threataware.com,London,United Kingdom,2019,N/A,0.5,http://www.linkedin.com/company/threataware
TMT ID,tmtid.com,http://www.tmtid.com,London,United Kingdom,2016,10.3M,0.1,http://www.linkedin.com/company/tmtid
Tods Technology,tods.co.uk,http://www.tods.co.uk,London,United Kingdom,1932,N/A,0.0,http://www.linkedin.com/company/tods-defence-limited
TORI Global,toriglobal.com,http://www.toriglobal.com,London,United Kingdom,2002,2.1M,0.0,http://www.linkedin.com/company/toriglobal
Tottenham Hotspur Football Club,tottenhamhotspur.com,http://www.tottenhamhotspur.com,London,United Kingdom,1882,709M,0.0,http://www.linkedin.com/company/tottenham-hotspur-ltd
Trackershop,trackershop-uk.com,http://www.trackershop-uk.com,London,United Kingdom,2007,1M,N/A,http://www.linkedin.com/company/trackershop-ltd
Track Titan,tracktitan.io,http://www.tracktitan.io,London,United Kingdom,2021,1.1M,0.6666666666666666,http://www.linkedin.com/company/tracktitan
Trade Ledger™,tradeledger.io,http://www.tradeledger.io,London,United Kingdom,2016,6.5M,0.0,http://www.linkedin.com/company/tradeledger
TradingHub,tradinghub.com,http://www.tradinghub.com,London,United Kingdom,2010,39M,0.05555555555555555,http://www.linkedin.com/company/tradinghub
TRAICK,traick.ai,http://www.traick.ai,London,United Kingdom,2021,N/A,0.8888888888888888,http://www.linkedin.com/company/traick
Travolution.com,travolution.com,http://www.travolution.com,London,United Kingdom,2006,N/A,0.0,http://www.linkedin.com/company/travolution-com
TrialView,trialview.com,http://www.trialview.com,London,United Kingdom,2014,N/A,0.0,http://www.linkedin.com/company/trialview
Trig,trig.ai,http://www.trig.ai,London,United Kingdom,2023,N/A,0.0,http://www.linkedin.com/company/trig-ai
Tristan Capital Partners,tristancap.com,http://www.tristancap.com,London,United Kingdom,2009,75.6M,0.0,http://www.linkedin.com/company/tristan-capital-partners
TrueLayer,truelayer.com,http://www.truelayer.com,London,United Kingdom,2016,13.7M,0.2307692307692308,http://www.linkedin.com/company/truelayer
TruFin Labs,trufin.io,http://www.trufin.io,London,United Kingdom,2022,N/A,0.0,http://www.linkedin.com/company/trufinlabs
TRYBE,try.be,http://www.try.be,London,United Kingdom,N/A,N/A,0.0,http://www.linkedin.com/company/trybe-software
Tymit,tymit.com,http://www.tymit.com,London,United Kingdom,2017,8M,-0.1111111111111111,http://www.linkedin.com/company/tymit
TympaHealth Technologies Ltd,tympahealth.com,http://www.tympahealth.com,London,United Kingdom,2017,3.2M,0.0,http://www.linkedin.com/company/tympahealth-technologies-ltd
TYTEN,tyten.ai,http://www.tyten.ai,London,United Kingdom,2024,N/A,N/A,http://www.linkedin.com/company/tyten
Uncertainty Experts (part of the Mediazoo Group),uncertaintyexperts.com,http://www.uncertaintyexperts.com,London,United Kingdom,2022,N/A,N/A,http://www.linkedin.com/company/uncertainty-experts
Unfabled,unfabled.co,http://www.unfabled.co,London,United Kingdom,2021,N/A,0.0,http://www.linkedin.com/company/unfabled
un:hurd music,unhurdmusic.com,http://www.unhurdmusic.com,London,United Kingdom,2019,N/A,0.0,http://www.linkedin.com/company/unhurdmusic
United Fintech,unitedfintech.com,http://www.unitedfintech.com,London,United Kingdom,2020,3.6M,0.4,http://www.linkedin.com/company/united-fintech
Untamed | B Corp™,untamed.com,http://www.untamed.com,London,United Kingdom,2019,N/A,0.0,http://www.linkedin.com/company/untamedcatfood
Bloom Coaching & Mentoring,usebloom.com,http://www.usebloom.com,London,United Kingdom,2022,12.0M,0.1111111111111111,http://www.linkedin.com/company/usebloom
Valor Real Estate Partners LLP,valorrep.com,http://www.valorrep.com,London,United Kingdom,2016,4.5M,0.0,http://www.linkedin.com/company/valorrealestatepartnersllp
Veloce,veloce.gg,http://www.veloce.gg,London,United Kingdom,2018,N/A,0.0,http://www.linkedin.com/company/vivaveloce
Vennre,vennre.com,http://www.vennre.com,London,United Kingdom,2021,N/A,0.0,http://www.linkedin.com/company/vennre
VerbaFlo.AI,verbaflo.ai,http://www.verbaflo.ai,London,United Kingdom,2024,N/A,0.04918032786885246,http://www.linkedin.com/company/verbaflo-ai
Verna,verna.earth,http://www.verna.earth,London,United Kingdom,2020,1.4M,0.0,http://www.linkedin.com/company/verna-earth
VIA Outlets,viaoutlets.com,http://www.viaoutlets.com,London,United Kingdom,2014,1.5B,0.0,http://www.linkedin.com/company/via-outlets
Victory Group,victorygroup.com,http://www.victorygroup.com,London,United Kingdom,2009,4.6M,0.0,http://www.linkedin.com/company/victory-advisors-limited
Vigil,vigil.global,http://www.vigil.global,London,United Kingdom,2015,N/A,0.0625,http://www.linkedin.com/company/vigilglobal
Voice-Swap,voice-swap.ai,http://www.voice-swap.ai,London,United Kingdom,2023,N/A,0.1428571428571428,http://www.linkedin.com/company/voice-swap
VRLab Academy,vrlabacademy.com,http://www.vrlabacademy.com,London,United Kingdom,N/A,N/A,-0.125,http://www.linkedin.com/company/vrlab-academy
Vuealta Consulting,vuealta.com,http://www.vuealta.com,London,United Kingdom,2017,N/A,-0.6551724137931034,http://www.linkedin.com/company/vuealta
W-Wellness,w-wellness.co.uk,http://www.w-wellness.co.uk,London,United Kingdom,N/A,N/A,N/A,http://www.linkedin.com/company/w-wellness
Warn,warnandco.com,http://www.warnandco.com,London,United Kingdom,2013,N/A,0.0,http://www.linkedin.com/company/warn-co
WatchHouse,watchhouse.com,http://www.watchhouse.com,London,United Kingdom,2014,21M,0.1666666666666667,http://www.linkedin.com/company/watchhouse
Wattstor,wattstor.com,http://www.wattstor.com,London,United Kingdom,2013,N/A,0.0,http://www.linkedin.com/company/wattstor
Wavee Ai,wavee.ai,http://www.wavee.ai,London,United Kingdom,2025,N/A,N/A,http://www.linkedin.com/company/wavee-ai
WealthOS,wealthos.cloud,http://www.wealthos.cloud,London,United Kingdom,2019,3.5M,0.06153846153846154,http://www.linkedin.com/company/wealthos
Wealthyhood,wealthyhood.com,http://www.wealthyhood.com,London,United Kingdom,2020,N/A,0.0,http://www.linkedin.com/company/wealthyhood-invest
AUDIENCES,weareaudiences.com,http://www.weareaudiences.com,London,United Kingdom,2022,N/A,0.0,http://www.linkedin.com/company/audiencetechnologieslimited
Fairgame,wearefairgame.com,http://www.wearefairgame.com,London,United Kingdom,2022,N/A,0.0,http://www.linkedin.com/company/wearefairgame
Patchworks,wearepatchworks.com,http://www.wearepatchworks.com,London,United Kingdom,2014,421K,0.0,http://www.linkedin.com/company/patchworks
Winterflood Business Services,winterfloodbusinessservices.com,http://www.winterfloodbusinessservices.com,London,United Kingdom,2010,N/A,0.1,http://www.linkedin.com/company/winterflood-business-services
Wiser Media,wisermedia.com,http://www.wisermedia.com,London,United Kingdom,2020,N/A,0.0,http://www.linkedin.com/company/curatewiser
Emerald,withemerald.com,http://www.withemerald.com,London,United Kingdom,2024,N/A,0.0,http://www.linkedin.com/company/emerald-health
With Intelligence,withintelligence.com,http://www.withintelligence.com,London,United Kingdom,1998,130M,0.04568527918781726,http://www.linkedin.com/company/withintelligence1
WSG; part of M+C Saatchi Sport + Entertainment,womenssportsgroup.com,http://www.womenssportsgroup.com,London,United Kingdom,2019,N/A,N/A,http://www.linkedin.com/company/women-s-sports-group
Where You At Ltd,wya.world,http://www.wya.world,London,United Kingdom,N/A,N/A,-1.0,http://www.linkedin.com/company/where-you-at
Xpedition,xpedition.co.uk,http://www.xpedition.co.uk,London,United Kingdom,1989,N/A,0.0,http://www.linkedin.com/company/xpedition
YesRef,yesref.com,http://www.yesref.com,London,United Kingdom,2019,N/A,N/A,http://www.linkedin.com/company/yesref
YUV,yuv.co,http://www.yuv.co,London,United Kingdom,N/A,N/A,0.0,http://www.linkedin.com/company/yuvbeauty
Zenion Limited,zenion.com,http://www.zenion.com,London,United Kingdom,2018,N/A,0.0,http://www.linkedin.com/company/zenion
Zero®,zero.co,http://www.zero.co,London,United Kingdom,2020,7.7M,-1.0,http://www.linkedin.com/company/zero-petroleum
ZERØTEC,zerotec.eco,http://www.zerotec.eco,London,United Kingdom,2024,N/A,0.5,http://www.linkedin.com/company/zero-london-ltd
ZNG Cover,zingcover.com,http://www.zingcover.com,London,United Kingdom,2021,N/A,0.0,http://www.linkedin.com/company/zing-cover
ZOE,zoe.com,http://www.zoe.com,London,United Kingdom,2017,87M,-0.02040816326530612,http://www.linkedin.com/company/joinzoe
Zora Ecosystems,zuluecosystems.com,http://www.zuluecosystems.com,London,United Kingdom,2012,6.7M,0.0,http://www.linkedin.com/company/zulu-ecosystems
Zya,zya.co,http://www.zya.co,London,United Kingdom,2018,N/A,0.0,http://www.linkedin.com/company/zya-enzymes
