ICP Score,ICP Fit Reasons,Company Name,Domain,Website,City,Country,Founded Year,Revenue,Employee Growth (6mo),LinkedIn URL
8,Early-stage startup; Rapid hiring; Pre-revenue (needs dev); AI/Deep tech,Autman Robotics,aut-man.com,http://www.aut-man.com,London,United Kingdom,2024,N/A,1.5,http://www.linkedin.com/company/autman-robotics
8,Early-stage startup; Rapid hiring; Pre-revenue (needs dev); AI/Deep tech,Finspector,finspector.ai,http://www.finspector.ai,London,United Kingdom,2024,N/A,1.0,http://www.linkedin.com/company/finspector-ai
8,Scaleup stage; Rapid hiring; Revenue sweet spot; AI/Deep tech,FYLD,fyld.ai,http://www.fyld.ai,London,United Kingdom,2019,3M,0.5882352941176471,http://www.linkedin.com/company/fyldai
8,Early-stage startup; Rapid hiring; Pre-revenue (needs dev); Proptech vertical,Matter Real Estate,matterrealestate.co.uk,http://www.matterrealestate.co.uk,London,United Kingdom,2021,N/A,1.0,http://www.linkedin.com/company/matterrealestate
8,Early-stage startup; Rapid hiring; Revenue sweet spot,Track Titan,tracktitan.io,http://www.tracktitan.io,London,United Kingdom,2021,1.1M,0.6666666666666666,http://www.linkedin.com/company/tracktitan
8,Early-stage startup; Rapid hiring; Pre-revenue (needs dev); AI/Deep tech,TRAICK,traick.ai,http://www.traick.ai,London,United Kingdom,2021,N/A,0.8888888888888888,http://www.linkedin.com/company/traick
8,Early-stage startup; Growing team; Revenue sweet spot; Fintech vertical,United Fintech,unitedfintech.com,http://www.unitedfintech.com,London,United Kingdom,2020,3.6M,0.4,http://www.linkedin.com/company/united-fintech
7,Scaleup stage; Rapid hiring; Revenue sweet spot,Avenir LNG,avenirlng.com,http://www.avenirlng.com,London,United Kingdom,2018,16.5M,0.6666666666666666,http://www.linkedin.com/company/avenir-lng
7,Early-stage startup; Growing team; Pre-revenue (needs dev); AI/Deep tech,Brain-Life,brainlife.ai,http://www.brainlife.ai,London,United Kingdom,2024,N/A,0.4444444444444444,http://www.linkedin.com/company/brain-life
7,Early-stage startup; Growing team; Pre-revenue (needs dev); Fintech vertical,Expedition Growth Capital,expedition.capital,http://www.expedition.capital,London,United Kingdom,2020,N/A,0.2,http://www.linkedin.com/company/expeditiongrowthcapital
7,Early-stage startup; Growing team; Pre-revenue (needs dev); AI/Deep tech,Finster AI,finster.ai,http://www.finster.ai,London,United Kingdom,2023,N/A,0.2,http://www.linkedin.com/company/finster-ai
7,Early-stage startup; Growing team; Revenue sweet spot,Flowla,flowla.com,http://www.flowla.com,London,United Kingdom,2023,567K,0.25,http://www.linkedin.com/company/flowlacom
7,Scaleup stage; Growing team; Revenue sweet spot; Fintech vertical,Integrated Finance,integrated.finance,http://www.integrated.finance,London,United Kingdom,2019,1M,0.1111111111111111,http://www.linkedin.com/company/integratedfinance
7,Early-stage startup; Rapid hiring; Pre-revenue (needs dev),Invyted,invyted.com,http://www.invyted.com,London,United Kingdom,2022,N/A,0.6666666666666666,http://www.linkedin.com/company/invyted
7,Early-stage startup; Rapid hiring; Pre-revenue (needs dev),Isembard,isembard.com,http://www.isembard.com,London,United Kingdom,2024,N/A,0.6666666666666666,http://www.linkedin.com/company/isembard
7,Early-stage startup; Growing team; Pre-revenue (needs dev); AI/Deep tech,Jack & Jill,jackandjill.ai,http://www.jackandjill.ai,London,United Kingdom,2025,N/A,0.125,http://www.linkedin.com/company/jackandjillai
7,Scaleup stage; Rapid hiring; Revenue sweet spot,Legl,legl.com,http://www.legl.com,London,United Kingdom,2019,1.5M,1.666666666666667,http://www.linkedin.com/company/legl-uk
7,Scaleup stage; Rapid hiring; Revenue sweet spot,Luna Daily,luna-daily.com,http://www.luna-daily.com,London,United Kingdom,2019,1.5M,0.5,http://www.linkedin.com/company/luna-daily
7,Scaleup stage; Rapid hiring; Revenue sweet spot,nPlan,nplan.io,http://www.nplan.io,London,United Kingdom,2017,1M,0.6666666666666666,http://www.linkedin.com/company/nplan
7,Early-stage startup; Rapid hiring; Pre-revenue (needs dev),nsave,nsave.com,http://www.nsave.com,London,United Kingdom,2022,N/A,0.7,http://www.linkedin.com/company/nsavecom
7,Scaleup stage; Rapid hiring; Revenue sweet spot,SatVu,satellitevu.com,http://www.satellitevu.com,London,United Kingdom,2016,6M,0.6666666666666666,http://www.linkedin.com/company/satvu
7,Early-stage startup; Growing team; Pre-revenue (needs dev); Healthtech vertical,SheMed,shemed.co.uk,http://www.shemed.co.uk,London,United Kingdom,2024,N/A,0.3333333333333333,http://www.linkedin.com/company/shemed
7,Early-stage startup; Growing team; Early revenue; AI/Deep tech,Solve Intelligence,solveintelligence.com,http://www.solveintelligence.com,London,United Kingdom,2023,300K,0.4,http://www.linkedin.com/company/solve-intelligence
7,Early-stage startup; Growing team; Pre-revenue (needs dev); AI/Deep tech,Humanoid,thehumanoid.ai,http://www.thehumanoid.ai,London,United Kingdom,2024,N/A,0.26,http://www.linkedin.com/company/humanoidai
7,Early-stage startup; Growing team; Revenue sweet spot,Bloom Coaching & Mentoring,usebloom.com,http://www.usebloom.com,London,United Kingdom,2022,12.0M,0.1111111111111111,http://www.linkedin.com/company/usebloom
7,Early-stage startup; Growing team; Pre-revenue (needs dev); AI/Deep tech,Voice-Swap,voice-swap.ai,http://www.voice-swap.ai,London,United Kingdom,2023,N/A,0.1428571428571428,http://www.linkedin.com/company/voice-swap
7,Early-stage startup; Rapid hiring; Pre-revenue (needs dev),ZERØTEC,zerotec.eco,http://www.zerotec.eco,London,United Kingdom,2024,N/A,0.5,http://www.linkedin.com/company/zero-london-ltd
6,Scaleup stage; Growing team; Revenue sweet spot,Alt21,alt21.com,http://www.alt21.com,London,United Kingdom,2016,15M,0.25,http://www.linkedin.com/company/alt21
6,Scaleup stage; Modest growth; Revenue sweet spot; Fintech vertical,ANNA Money,anna.money,http://www.anna.money,London,United Kingdom,2017,40M,0.02631578947368421,http://www.linkedin.com/company/annamoneyuk
6,Scaleup stage; Growing team; Revenue sweet spot,APEXX Global,apexx.global,http://www.apexx.global,London,United Kingdom,2016,1.7M,0.1228070175438596,http://www.linkedin.com/company/apexxglobal
6,Early-stage startup; Revenue sweet spot; AI/Deep tech,BirdsEyeView,birdseyeview.ai,http://www.birdseyeview.ai,London,United Kingdom,2020,2.5M,0.0,http://www.linkedin.com/company/birdseyeviewtechnologies
6,Scaleup stage; Growing team; Revenue sweet spot,Bolt Insight,boltinsight.com,http://www.boltinsight.com,London,United Kingdom,2018,2.5M,0.2727272727272727,http://www.linkedin.com/company/boltinsight
6,Early-stage startup; Revenue sweet spot; AI/Deep tech,Captur,captur.ai,http://www.captur.ai,London,United Kingdom,2023,2M,0.0,http://www.linkedin.com/company/captur-ai
6,Early-stage startup; Modest growth; Revenue sweet spot,Cassava Technologies,cassavatechnologies.com,http://www.cassavatechnologies.com,London,United Kingdom,2021,4M,0.05797101449275362,http://www.linkedin.com/company/cassavatechnologies
6,Early-stage startup; Modest growth; Pre-revenue (needs dev); AI/Deep tech,Datox,datox.ai,http://www.datox.ai,London,United Kingdom,2023,N/A,0.06666666666666667,http://www.linkedin.com/company/datox-ai
6,Scaleup stage; Growing team; Revenue sweet spot,Alliantist Limited,dragonflyai.co,http://www.dragonflyai.co,London,United Kingdom,2018,1.4M,0.1666666666666667,http://www.linkedin.com/company/dragonflyai-co
6,Scaleup stage; Growing team; Revenue sweet spot,TRIP,drink-trip.com,http://www.drink-trip.com,London,United Kingdom,2019,100M,0.2352941176470588,http://www.linkedin.com/company/tripdrinks
6,Early-stage startup; Growing team; Pre-revenue (needs dev),Dwelly,dwelly.group,http://www.dwelly.group,London,United Kingdom,2023,N/A,0.1176470588235294,http://www.linkedin.com/company/dwellygroup
6,Scaleup stage; Growing team; Revenue sweet spot,Eneba,eneba.com,http://www.eneba.com,London,United Kingdom,2018,57.1M,0.225,http://www.linkedin.com/company/enebagames
6,Early-stage startup; Growing team; Pre-revenue (needs dev),Fanvue,fanvue.com,http://www.fanvue.com,London,United Kingdom,2021,N/A,0.3076923076923077,http://www.linkedin.com/company/fanvue
6,Early-stage startup; Modest growth; Revenue sweet spot,Fimple,fimple.co.uk,http://www.fimple.co.uk,London,United Kingdom,2022,5.5M,0.04615384615384616,http://www.linkedin.com/company/fimpleos
6,Early-stage startup; Growing team; Pre-revenue (needs dev),Fit Collective,fitcollective.io,http://www.fitcollective.io,London,United Kingdom,2023,N/A,0.3333333333333333,http://www.linkedin.com/company/fit-collective-labs
6,Scaleup stage; Growing team; Revenue sweet spot,Form3,form3.tech,http://www.form3.tech,London,United Kingdom,2016,26M,0.1333333333333333,http://www.linkedin.com/company/form3-financial-cloud
6,Early-stage startup; Growing team; Pre-revenue (needs dev),General Index,general-index.com,http://www.general-index.com,London,United Kingdom,2020,N/A,0.1764705882352941,http://www.linkedin.com/company/generalindex
6,Early-stage startup; Revenue sweet spot; AI/Deep tech,Gizmo,gizmo.ai,http://www.gizmo.ai,London,United Kingdom,2021,15.3M,-0.1111111111111111,http://www.linkedin.com/company/gizmo-ai
6,Early-stage startup; Revenue sweet spot; Proptech vertical,HomeCooks,home-cooks.co.uk,http://www.home-cooks.co.uk,London,United Kingdom,2021,1M,0.0,http://www.linkedin.com/company/homecooksuk
6,Early-stage startup; Revenue sweet spot; AI/Deep tech,Kavida AI (Acquired by QAD),kavida.ai,http://www.kavida.ai,London,United Kingdom,2020,1.2M,-0.4736842105263158,http://www.linkedin.com/company/kavida-ai
6,Early-stage startup; Growing team; Pre-revenue (needs dev),Lupa,lupapets.com,http://www.lupapets.com,London,United Kingdom,2023,N/A,0.1666666666666667,http://www.linkedin.com/company/lupapets
6,Early-stage startup; Growing team; Pre-revenue (needs dev),Me3,me3.io,http://www.me3.io,London,United Kingdom,2021,N/A,0.1,http://www.linkedin.com/company/me3labs
6,Scaleup stage; Growing team; Revenue sweet spot,Ohalo,ohalo.co,http://www.ohalo.co,London,United Kingdom,2017,1.2M,0.1333333333333333,http://www.linkedin.com/company/ohalo-limited
6,Scaleup stage; Growing team; Revenue sweet spot,Optimizon,optimizon.co.uk,http://www.optimizon.co.uk,London,United Kingdom,2016,1.3M,0.1666666666666667,http://www.linkedin.com/company/optimizon-ltd
6,Scaleup stage; Growing team; Revenue sweet spot,PerchPeek,perchpeek.com,http://www.perchpeek.com,London,United Kingdom,2018,4.8M,0.2222222222222222,http://www.linkedin.com/company/perchpeek
6,Early-stage startup; Growing team; Pre-revenue (needs dev),PerfectTed,perfectted.com,http://www.perfectted.com,London,United Kingdom,2021,N/A,0.3333333333333333,http://www.linkedin.com/company/perfectted
6,Scaleup stage; Growing team; Revenue sweet spot,Plandek,plandek.com,http://www.plandek.com,London,United Kingdom,2017,3M,0.1428571428571428,http://www.linkedin.com/company/plandek
6,Early-stage startup; Growing team; Pre-revenue (needs dev),ProtonDx,protondx.com,http://www.protondx.com,London,United Kingdom,2020,N/A,0.25,http://www.linkedin.com/company/protondx
6,Scaleup stage; Growing team; Revenue sweet spot,Raylo,raylo.com,http://www.raylo.com,London,United Kingdom,2019,38M,0.25,http://www.linkedin.com/company/raylo
6,Scaleup stage; Rapid hiring; Pre-revenue (needs dev),Reelables,reelables.com,http://www.reelables.com,London,United Kingdom,2018,N/A,0.5,http://www.linkedin.com/company/reelables
6,Growth company; Rapid hiring; Revenue sweet spot,REG Technologies,reg.uk.com,http://www.reg.uk.com,London,United Kingdom,2013,6M,1.0,http://www.linkedin.com/company/reg-uk
6,Early-stage startup; Revenue sweet spot; Healthtech vertical,Resurrect Bio,resurrect.bio,http://www.resurrect.bio,London,United Kingdom,2022,3.5M,N/A,http://www.linkedin.com/company/resurrectbio
6,Early-stage startup; Modest growth; Revenue sweet spot,SAPI,sapi.com,http://www.sapi.com,London,United Kingdom,2020,58M,0.07692307692307693,http://www.linkedin.com/company/sapigroup
6,Early-stage startup; Revenue sweet spot; Fintech vertical,Scaleup Finance,scaleup.finance,http://www.scaleup.finance,London,United Kingdom,2021,4M,0.0,http://www.linkedin.com/company/scaleup-finance
6,Scaleup stage; Growing team; Revenue sweet spot,Scan.com,scan.com,http://www.scan.com,London,United Kingdom,2017,14.4M,0.1081081081081081,http://www.linkedin.com/company/scan.com
6,Early-stage startup; Modest growth; Revenue sweet spot,Shop Circle,shopcircle.co,http://www.shopcircle.co,London,United Kingdom,2021,43.3M,0.004608294930875576,http://www.linkedin.com/company/shop-circle
6,Early-stage startup; Revenue sweet spot; Fintech vertical,Sidekick,sidekickmoney.com,http://www.sidekickmoney.com,London,United Kingdom,2022,1M,0.0,http://www.linkedin.com/company/sidekick-money
6,Scaleup stage; Growing team; Revenue sweet spot,Sokin,sokin.com,http://www.sokin.com,London,United Kingdom,2019,29M,0.2428571428571429,http://www.linkedin.com/company/sokin
6,Scaleup stage; Rapid hiring; Early revenue,Sprive,sprive.com,http://www.sprive.com,London,United Kingdom,2019,450K,0.9,http://www.linkedin.com/company/sprive-com
6,Scaleup stage; Growing team; Revenue sweet spot,Synthesia,synthesia.io,http://www.synthesia.io,London,United Kingdom,2017,100M,0.2275449101796407,http://www.linkedin.com/company/synthesia-technologies
6,Early-stage startup; Revenue sweet spot; Fintech vertical,Tembo,tembomoney.com,http://www.tembomoney.com,London,United Kingdom,2020,12M,0.0,http://www.linkedin.com/company/tembo-money
6,Scaleup stage; Rapid hiring; Pre-revenue (needs dev),ThreatAware,threataware.com,http://www.threataware.com,London,United Kingdom,2019,N/A,0.5,http://www.linkedin.com/company/threataware
6,Scaleup stage; Growing team; Revenue sweet spot,TMT ID,tmtid.com,http://www.tmtid.com,London,United Kingdom,2016,10.3M,0.1,http://www.linkedin.com/company/tmtid
6,Scaleup stage; Growing team; Revenue sweet spot,TrueLayer,truelayer.com,http://www.truelayer.com,London,United Kingdom,2016,13.7M,0.2307692307692308,http://www.linkedin.com/company/truelayer
6,Early-stage startup; Modest growth; Pre-revenue (needs dev); AI/Deep tech,VerbaFlo.AI,verbaflo.ai,http://www.verbaflo.ai,London,United Kingdom,2024,N/A,0.04918032786885246,http://www.linkedin.com/company/verbaflo-ai
6,Growth company; Growing team; Revenue sweet spot; Proptech vertical,WatchHouse,watchhouse.com,http://www.watchhouse.com,London,United Kingdom,2014,21M,0.1666666666666667,http://www.linkedin.com/company/watchhouse
5,Early-stage startup; Pre-revenue (needs dev); AI/Deep tech,375ai,375.ai,http://www.375.ai,London,United Kingdom,2022,N/A,-0.1176470588235294,http://www.linkedin.com/company/375-ai
5,Scaleup stage; Revenue sweet spot; AI/Deep tech,Accelex,accelex.ai,http://www.accelex.ai,London,United Kingdom,2018,3M,-0.3125,http://www.linkedin.com/company/accelextech
5,Early-stage startup; Pre-revenue (needs dev); AI/Deep tech,Adclear,adclear.ai,http://www.adclear.ai,London,United Kingdom,2024,N/A,N/A,http://www.linkedin.com/company/adclear-ai
5,Early-stage startup; Pre-revenue (needs dev); Healthtech vertical,Aisthesis Medical,aisthesismed.com,http://www.aisthesismed.com,London,United Kingdom,2022,N/A,N/A,http://www.linkedin.com/company/aisthesis-medical
5,Early-stage startup; Pre-revenue (needs dev); AI/Deep tech,Artificial Intelligence Venture Builder,aivb.ai,http://www.aivb.ai,London,United Kingdom,2024,N/A,0.0,http://www.linkedin.com/company/aivb
5,Scaleup stage; Growing team; Fintech vertical,Allica Bank,allica.bank,http://www.allica.bank,London,United Kingdom,2019,368M,0.1063829787234043,http://www.linkedin.com/company/allicabank
5,Early-stage startup; Pre-revenue (needs dev); AI/Deep tech,Always Further,alwaysfurther.ai,http://www.alwaysfurther.ai,London,United Kingdom,2025,N/A,N/A,http://www.linkedin.com/company/alwaysfurther
5,Growth company; Modest growth; Revenue sweet spot; Fintech vertical,Appian Capital Advisory,appiancapitaladvisory.com,http://www.appiancapitaladvisory.com,London,United Kingdom,2011,10M,0.03636363636363636,http://www.linkedin.com/company/appian-capital-advisory
5,Early-stage startup; Revenue sweet spot,AtlasEdge,atlasedge.com,http://www.atlasedge.com,London,United Kingdom,2021,13M,0.0,http://www.linkedin.com/company/atlasedge
5,Early-stage startup; Pre-revenue (needs dev); Healthtech vertical,Axon Diagnostics,axondiagnostics.com,http://www.axondiagnostics.com,London,United Kingdom,2021,N/A,0.0,http://www.linkedin.com/company/axondiagnostics
5,Early-stage startup; Revenue sweet spot,BASMA.com,basma.com,http://www.basma.com,London,United Kingdom,2021,3.4M,-0.02666666666666667,http://www.linkedin.com/company/basma
5,Early-stage startup; Pre-revenue (needs dev); Healthtech vertical,BioOrbit,bioorbit.space,http://www.bioorbit.space,London,United Kingdom,2023,N/A,0.0,http://www.linkedin.com/company/bioorbit
5,Rapid hiring; Pre-revenue (needs dev); Fintech vertical,Bleap,bleap.finance,http://www.bleap.finance,London,United Kingdom,N/A,N/A,2.0,http://www.linkedin.com/company/bleapapp
5,Growth company; Growing team; Revenue sweet spot,BMLL,bmlltech.com,http://www.bmlltech.com,London,United Kingdom,2014,17.7M,0.2,http://www.linkedin.com/company/bmll
5,Early-stage startup; Pre-revenue (needs dev); AI/Deep tech,Bourn,bourn.ai,http://www.bourn.ai,London,United Kingdom,2024,N/A,0.0,http://www.linkedin.com/company/bournai
5,Early-stage startup; Pre-revenue (needs dev); Healthtech vertical,Braincup Media,braincupmedia.com,http://www.braincupmedia.com,London,United Kingdom,2021,N/A,0.0,http://www.linkedin.com/company/braincupmedia
5,Early-stage startup; Revenue sweet spot,Built AI,builtai.co,http://www.builtai.co,London,United Kingdom,2021,2M,0.0,http://www.linkedin.com/company/builtai
5,Growth company; Growing team; Revenue sweet spot,Bumper,bumper.co,http://www.bumper.co,London,United Kingdom,2013,15M,0.1666666666666667,http://www.linkedin.com/company/bumperpay
5,Early-stage startup; Modest growth; Pre-revenue (needs dev),Calitii,calitii.com,http://www.calitii.com,London,United Kingdom,2023,N/A,0.09090909090909091,http://www.linkedin.com/company/calitii
5,Early-stage startup; Pre-revenue (needs dev); AI/Deep tech,Captide,captide.ai,http://www.captide.ai,London,United Kingdom,2024,N/A,0.0,http://www.linkedin.com/company/captide
5,Early-stage startup; Pre-revenue (needs dev); AI/Deep tech,CATCHES,catches.ai,http://www.catches.ai,London,United Kingdom,2024,N/A,0.0,http://www.linkedin.com/company/catches
5,Scaleup stage; Growing team; Pre-revenue (needs dev),CoMind,comind.io,http://www.comind.io,London,United Kingdom,2018,N/A,0.3333333333333333,http://www.linkedin.com/company/comindtechnologies
5,Early-stage startup; Revenue sweet spot,CUR8,cur8.earth,http://www.cur8.earth,London,United Kingdom,2022,1M,0.0,http://www.linkedin.com/company/cur8earth
5,Early-stage startup; Modest growth; Pre-revenue (needs dev),Deblock,deblock.com,http://www.deblock.com,London,United Kingdom,2022,N/A,0.09523809523809523,http://www.linkedin.com/company/deblock
5,Early-stage startup; Pre-revenue (needs dev); Healthtech vertical,Early,earlyhealth.com,http://www.earlyhealth.com,London,United Kingdom,2022,N/A,0.0,http://www.linkedin.com/company/early-health-limited
5,Scaleup stage; Revenue sweet spot; Healthtech vertical,Echopoint Medical Ltd,echopointmedical.com,http://www.echopointmedical.com,London,United Kingdom,2018,900K,0.0,http://www.linkedin.com/company/echopoint-medical-ltd
5,Early-stage startup; Pre-revenue (needs dev); AI/Deep tech,Diligent,godiligent.ai,http://www.godiligent.ai,London,United Kingdom,2023,N/A,N/A,http://www.linkedin.com/company/godiligentai
5,Scaleup stage; Modest growth; Revenue sweet spot,Honoris United Universities,honoris.net,http://www.honoris.net,London,United Kingdom,2017,7M,0.03825136612021858,http://www.linkedin.com/company/honorisuni
5,Early-stage startup; Pre-revenue (needs dev); AI/Deep tech,Human Native,humannative.ai,http://www.humannative.ai,London,United Kingdom,2024,N/A,0.0,http://www.linkedin.com/company/human-native
5,Early-stage startup; Modest growth; Pre-revenue (needs dev),Hyperlayer,hyperlayer.com,http://www.hyperlayer.com,London,United Kingdom,2023,N/A,0.0625,http://www.linkedin.com/company/hyperlayertech
5,Early-stage startup; Revenue sweet spot,JULIENNE BRUNO®,juliennebruno.com,http://www.juliennebruno.com,London,United Kingdom,2020,1M,0.0,http://www.linkedin.com/company/juliennebruno
5,Early-stage startup; Revenue sweet spot,Keyzy,keyzy.com,http://www.keyzy.com,London,United Kingdom,2020,1M,-0.2857142857142857,http://www.linkedin.com/company/keyzy-homes
5,Early-stage startup; Revenue sweet spot,Loctax,loctax.com,http://www.loctax.com,London,United Kingdom,2020,4.1M,0.0,http://www.linkedin.com/company/loctax
5,Early-stage startup; Pre-revenue (needs dev); AI/Deep tech,ManaMind,manamind.ai,http://www.manamind.ai,London,United Kingdom,2025,N/A,-1.0,http://www.linkedin.com/company/manamind
5,Early-stage startup; Pre-revenue (needs dev); AI/Deep tech,Dex,meetdex.ai,http://www.meetdex.ai,London,United Kingdom,2025,N/A,0.0,http://www.linkedin.com/company/meetdex
5,Early-stage startup; Revenue sweet spot,Mesh-AI,mesh-ai.com,http://www.mesh-ai.com,London,United Kingdom,2021,14M,0.0,http://www.linkedin.com/company/wearemesh-ai
5,Scaleup stage; Modest growth; Pre-revenue (needs dev); Healthtech vertical,Mobihealth International,mobihealthinternational.com,http://www.mobihealthinternational.com,London,United Kingdom,2017,N/A,0.07692307692307693,http://www.linkedin.com/company/mobihealthinternational
5,Scaleup stage; Growing team; Pre-revenue (needs dev),Modo Energy,modoenergy.com,http://www.modoenergy.com,London,United Kingdom,2019,N/A,0.1,http://www.linkedin.com/company/modo-energy
5,Early-stage startup; Pre-revenue (needs dev); AI/Deep tech,Mutable Tactics,mutabletactics.ai,http://www.mutabletactics.ai,London,United Kingdom,2024,N/A,N/A,http://www.linkedin.com/company/mutabletactics
5,Rapid hiring; Pre-revenue (needs dev); AI/Deep tech,Nyxium,nyxium.ai,http://www.nyxium.ai,London,United Kingdom,N/A,N/A,2.0,http://www.linkedin.com/company/nyxium-ai
5,Early-stage startup; Pre-revenue (needs dev); AI/Deep tech,Ogre AI,ogre.ai,http://www.ogre.ai,London,United Kingdom,2021,N/A,0.0,http://www.linkedin.com/company/ogre-ai
5,Early-stage startup; Pre-revenue (needs dev); AI/Deep tech,OneHive 🐝,onehive.ai,http://www.onehive.ai,London,United Kingdom,2024,N/A,0.0,http://www.linkedin.com/company/onehive.ai
5,Early-stage startup; Pre-revenue (needs dev); AI/Deep tech,Pallma AI,pallma.ai,http://www.pallma.ai,London,United Kingdom,2025,N/A,N/A,http://www.linkedin.com/company/pallma-ai
5,Scaleup stage; Revenue sweet spot; Healthtech vertical,Patchwork Health,patchwork.health,http://www.patchwork.health,London,United Kingdom,2016,8M,0.0,http://www.linkedin.com/company/heypatchwork
5,Early-stage startup; Pre-revenue (needs dev); AI/Deep tech,permutable.ai,permutable.ai,http://www.permutable.ai,London,United Kingdom,2020,N/A,0.0,http://www.linkedin.com/company/permutableai
5,Rapid hiring; Pre-revenue (needs dev); AI/Deep tech,Pixels,pixels.ai,http://www.pixels.ai,London,United Kingdom,N/A,N/A,0.5,http://www.linkedin.com/company/pixels-ai
5,Early-stage startup; Pre-revenue (needs dev); AI/Deep tech,Planda,planda.ai,http://www.planda.ai,London,United Kingdom,2023,N/A,0.0,http://www.linkedin.com/company/planda-ai
5,Early-stage startup; Revenue sweet spot,Playter,playter.co,http://www.playter.co,London,United Kingdom,2021,500K,-1.0,http://www.linkedin.com/company/playtertech
5,Early-stage startup; Pre-revenue (needs dev); AI/Deep tech,Polaron,polaron.ai,http://www.polaron.ai,London,United Kingdom,2023,N/A,0.0,http://www.linkedin.com/company/polaron-ai
5,Early-stage startup; Pre-revenue (needs dev); Healthtech vertical,Ponda,ponda.bio,http://www.ponda.bio,London,United Kingdom,2020,N/A,0.0,http://www.linkedin.com/company/pondabio
5,Early-stage startup; Pre-revenue (needs dev); AI/Deep tech,Procure Ai,procure.ai,http://www.procure.ai,London,United Kingdom,2020,N/A,0.0,http://www.linkedin.com/company/procureai
5,Early-stage startup; Pre-revenue (needs dev); AI/Deep tech,Querio,querio.ai,http://www.querio.ai,London,United Kingdom,2024,N/A,0.0,http://www.linkedin.com/company/querioai
5,Rapid hiring; Revenue sweet spot,Sandtable,sandtable.com,http://www.sandtable.com,London,United Kingdom,2005,2M,2.0,http://www.linkedin.com/company/sandtable-ltd.
5,Early-stage startup; Modest growth; Pre-revenue (needs dev),Saturn,saturnos.com,http://www.saturnos.com,London,United Kingdom,2023,N/A,0.02777777777777778,http://www.linkedin.com/company/saturntechnology
5,Early-stage startup; Revenue sweet spot,Searchable,searchable.com,http://www.searchable.com,London,United Kingdom,2025,2.7M,N/A,http://www.linkedin.com/company/trysearchable
5,Early-stage startup; Pre-revenue (needs dev); AI/Deep tech,SLNG,slng.ai,http://www.slng.ai,London,United Kingdom,2025,N/A,N/A,http://www.linkedin.com/company/slng-ai
5,Scaleup stage; Modest growth; Revenue sweet spot,SteelEye,steel-eye.com,http://www.steel-eye.com,London,United Kingdom,2017,18M,0.02173913043478261,http://www.linkedin.com/company/steeleye
5,Early-stage startup; Revenue sweet spot,SurrealDB,surrealdb.com,http://www.surrealdb.com,London,United Kingdom,2022,2.1M,0.0,http://www.linkedin.com/company/surrealdb
5,Growth company; Growing team; Revenue sweet spot,Taggstar,taggstar.com,http://www.taggstar.com,London,United Kingdom,2013,722K,0.1111111111111111,http://www.linkedin.com/company/taggstar
5,Early-stage startup; Pre-revenue (needs dev); Fintech vertical,Tangible,tangible.finance,http://www.tangible.finance,London,United Kingdom,2021,N/A,0.0,http://www.linkedin.com/company/tangibleplatform
5,Scaleup stage; Modest growth; Revenue sweet spot,Techspert,techspert.com,http://www.techspert.com,London,United Kingdom,2016,2M,0.05714285714285714,http://www.linkedin.com/company/techspert-com
5,Early-stage startup; Revenue sweet spot,tem,tem.energy,http://www.tem.energy,London,United Kingdom,2021,18.9M,0.0,http://www.linkedin.com/company/tem-energy
5,Early-stage startup; Pre-revenue (needs dev); AI/Deep tech,Thema,thema.ai,http://www.thema.ai,London,United Kingdom,2022,N/A,0.0,http://www.linkedin.com/company/thema-ai
5,Scaleup stage; Growing team; Pre-revenue (needs dev),Mindsite,themindsite.com,http://www.themindsite.com,London,United Kingdom,2019,N/A,0.1886792452830189,http://www.linkedin.com/company/themindsite
5,Growth company; Modest growth; Revenue sweet spot; AI/Deep tech,Thought Machine,thoughtmachine.net,http://www.thoughtmachine.net,London,United Kingdom,2014,60M,0.006896551724137931,http://www.linkedin.com/company/thought-machine
5,Growth company; Modest growth; Revenue sweet spot; Fintech vertical,TradingHub,tradinghub.com,http://www.tradinghub.com,London,United Kingdom,2010,39M,0.05555555555555555,http://www.linkedin.com/company/tradinghub
5,Early-stage startup; Pre-revenue (needs dev); AI/Deep tech,Trig,trig.ai,http://www.trig.ai,London,United Kingdom,2023,N/A,0.0,http://www.linkedin.com/company/trig-ai
5,Scaleup stage; Revenue sweet spot; Healthtech vertical,TympaHealth Technologies Ltd,tympahealth.com,http://www.tympahealth.com,London,United Kingdom,2017,3.2M,0.0,http://www.linkedin.com/company/tympahealth-technologies-ltd
5,Early-stage startup; Pre-revenue (needs dev); AI/Deep tech,TYTEN,tyten.ai,http://www.tyten.ai,London,United Kingdom,2024,N/A,N/A,http://www.linkedin.com/company/tyten
5,Early-stage startup; Pre-revenue (needs dev); Healthtech vertical,Uncertainty Experts (part of the Mediazoo Group),uncertaintyexperts.com,http://www.uncertaintyexperts.com,London,United Kingdom,2022,N/A,N/A,http://www.linkedin.com/company/uncertainty-experts
5,Scaleup stage; Revenue sweet spot; Proptech vertical,Valor Real Estate Partners LLP,valorrep.com,http://www.valorrep.com,London,United Kingdom,2016,4.5M,0.0,http://www.linkedin.com/company/valorrealestatepartnersllp
5,Early-stage startup; Revenue sweet spot,Verna,verna.earth,http://www.verna.earth,London,United Kingdom,2020,1.4M,0.0,http://www.linkedin.com/company/verna-earth
5,Early-stage startup; Pre-revenue (needs dev); AI/Deep tech,Wavee Ai,wavee.ai,http://www.wavee.ai,London,United Kingdom,2025,N/A,N/A,http://www.linkedin.com/company/wavee-ai
5,Scaleup stage; Modest growth; Revenue sweet spot,WealthOS,wealthos.cloud,http://www.wealthos.cloud,London,United Kingdom,2019,3.5M,0.06153846153846154,http://www.linkedin.com/company/wealthos
5,Early-stage startup; Pre-revenue (needs dev); Healthtech vertical,Wiser Media,wisermedia.com,http://www.wisermedia.com,London,United Kingdom,2020,N/A,0.0,http://www.linkedin.com/company/curatewiser
5,Early-stage startup; Revenue sweet spot,Zero®,zero.co,http://www.zero.co,London,United Kingdom,2020,7.7M,-1.0,http://www.linkedin.com/company/zero-petroleum
4,Scaleup stage; Revenue sweet spot,Acre,acresoftware.com,http://www.acresoftware.com,London,United Kingdom,2018,2M,0.0,http://www.linkedin.com/company/acresoftware
4,Early-stage startup; Pre-revenue (needs dev),Agio Ratings,agioratings.io,http://www.agioratings.io,London,United Kingdom,2022,N/A,0.0,http://www.linkedin.com/company/agio-ratings
4,Scaleup stage; Revenue sweet spot,Ahauz,ahauz.com,http://www.ahauz.com,London,United Kingdom,2019,5M,0.0,http://www.linkedin.com/company/ahauz
4,Early-stage startup; Pre-revenue (needs dev),Aibly,aibly.io,http://www.aibly.io,London,United Kingdom,2024,N/A,0.0,http://www.linkedin.com/company/aibly
4,Early-stage startup; Pre-revenue (needs dev),Allocation Strategy,allocation-strategy.com,http://www.allocation-strategy.com,London,United Kingdom,2024,N/A,N/A,http://www.linkedin.com/company/allocation-strategy
4,Early-stage startup; Pre-revenue (needs dev),Allye,allye.com,http://www.allye.com,London,United Kingdom,2023,N/A,0.0,http://www.linkedin.com/company/allye-energy
4,Scaleup stage; Pre-revenue (needs dev); Healthtech vertical,Alvie Health,alviehealth.com,http://www.alviehealth.com,London,United Kingdom,2019,N/A,0.0,http://www.linkedin.com/company/alviehealth
4,Scaleup stage; Revenue sweet spot,Apex Rides,apexrides.com,http://www.apexrides.com,London,United Kingdom,2019,10M,0.0,http://www.linkedin.com/company/apex-rides
4,Early-stage startup; Pre-revenue (needs dev),AppFactor,appfactor.io,http://www.appfactor.io,London,United Kingdom,2023,N/A,0.0,http://www.linkedin.com/company/appfactor
4,Early-stage startup; Pre-revenue (needs dev),Arco Cyber,arcocyber.com,http://www.arcocyber.com,London,United Kingdom,2022,N/A,0.0,http://www.linkedin.com/company/arco-cyber
4,Growth company; Revenue sweet spot; AI/Deep tech,Artificial Labs,artificial.io,http://www.artificial.io,London,United Kingdom,2013,5.6M,0.0,http://www.linkedin.com/company/artificiallabs
4,Early-stage startup; Pre-revenue (needs dev),Dragonfly,askdragonfly.com,http://www.askdragonfly.com,London,United Kingdom,2025,N/A,0.0,http://www.linkedin.com/company/askdragonfly
4,Early-stage startup; Pre-revenue (needs dev),Bedrock Platform,bedrockplatform.com,http://www.bedrockplatform.com,London,United Kingdom,2024,N/A,0.0,http://www.linkedin.com/company/bedrock-platform
4,Scaleup stage; Revenue sweet spot,OnHand • the impact platform,beonhand.co.uk,http://www.beonhand.co.uk,London,United Kingdom,2019,1.2M,0.0,http://www.linkedin.com/company/beonhand
4,Early-stage startup; Pre-revenue (needs dev),BeyondMath,beyondmath.com,http://www.beyondmath.com,London,United Kingdom,2022,N/A,0.0,http://www.linkedin.com/company/beyondmath
4,Modest growth; Revenue sweet spot; Healthtech vertical,Bluewater Bio,bluewaterbio.com,http://www.bluewaterbio.com,London,United Kingdom,2007,4.6M,0.06666666666666667,http://www.linkedin.com/company/bluewater-bio
4,Early-stage startup; Pre-revenue (needs dev),Pebble,bookpebble.co.uk,http://www.bookpebble.co.uk,London,United Kingdom,2021,N/A,0.0,http://www.linkedin.com/company/book-pebble-uk
4,Early-stage startup; Pre-revenue (needs dev),Bracket,bracket.co.uk,http://www.bracket.co.uk,London,United Kingdom,2023,N/A,0.0,http://www.linkedin.com/company/bracket-group
4,Early-stage startup; Pre-revenue (needs dev),BrainsparkGames,brainsparkgames.com,http://www.brainsparkgames.com,London,United Kingdom,2021,N/A,0.0,http://www.linkedin.com/company/brainsparkgames
4,Early-stage startup; Pre-revenue (needs dev),Cartalogic,cartalogic.co.uk,http://www.cartalogic.co.uk,London,United Kingdom,2023,N/A,0.0,http://www.linkedin.com/company/cartalogic
4,Scaleup stage; Revenue sweet spot,CheMastery Group Ltd,chemastery.com,http://www.chemastery.com,London,United Kingdom,2019,830K,0.0,http://www.linkedin.com/company/chemastery
4,Early-stage startup; Pre-revenue (needs dev),Clove,clove.com,http://www.clove.com,London,United Kingdom,2025,N/A,N/A,http://www.linkedin.com/company/clovefi
4,Scaleup stage; Pre-revenue (needs dev); Healthtech vertical,Cosi Care,cosi-care.com,http://www.cosi-care.com,London,United Kingdom,2019,N/A,N/A,http://www.linkedin.com/company/cosi-care
4,Early-stage startup; Pre-revenue (needs dev),CrawlJobs,crawljobs.com,http://www.crawljobs.com,London,United Kingdom,2024,N/A,0.0,http://www.linkedin.com/company/crawljobs
4,Early-stage startup; Pre-revenue (needs dev),Clearwater UW Limited,cw-uw.com,http://www.cw-uw.com,London,United Kingdom,2024,N/A,0.0,http://www.linkedin.com/company/clearwater-uw
4,Early-stage startup; Pre-revenue (needs dev),CYB3R OPERATIONS,cyb3roperations.com,http://www.cyb3roperations.com,London,United Kingdom,2021,N/A,0.0,http://www.linkedin.com/company/cyb3roperations
4,Early-stage startup; Pre-revenue (needs dev),Cynosure Talent,cynosuretalent.com,http://www.cynosuretalent.com,London,United Kingdom,2023,N/A,N/A,http://www.linkedin.com/company/cynosuretalent
4,Scaleup stage; Revenue sweet spot,DASH Rides,dashrides.com,http://www.dashrides.com,London,United Kingdom,2019,1.2M,N/A,http://www.linkedin.com/company/dash-rides-limited
4,Scaleup stage; Modest growth; Pre-revenue (needs dev),Datavid,datavid.com,http://www.datavid.com,London,United Kingdom,2018,N/A,0.01333333333333333,http://www.linkedin.com/company/datavid
4,Early-stage startup; Pre-revenue (needs dev),hati,datewithhati.com,http://www.datewithhati.com,London,United Kingdom,2024,N/A,0.0,http://www.linkedin.com/company/datewithhati
4,Early-stage startup; Pre-revenue (needs dev),DealFlowAgent.com,dealflowagent.com,http://www.dealflowagent.com,London,United Kingdom,2021,N/A,0.0,http://www.linkedin.com/company/dealflowagent
4,Scaleup stage; Pre-revenue (needs dev); AI/Deep tech,Deep Render,deeprender.ai,http://www.deeprender.ai,London,United Kingdom,2018,N/A,0.0,http://www.linkedin.com/company/deeprenderltd
4,Early-stage startup; Pre-revenue (needs dev),Detected,detected.co,http://www.detected.co,London,United Kingdom,2020,N/A,0.0,http://www.linkedin.com/company/detected
4,Early-stage startup; Pre-revenue (needs dev),DOPS DIGITAL,dopsdigital.com,http://www.dopsdigital.com,London,United Kingdom,2020,N/A,0.0,http://www.linkedin.com/company/dops-digital
4,Early-stage startup; Pre-revenue (needs dev),Living Things Soda,drinklivingthings.com,http://www.drinklivingthings.com,London,United Kingdom,2023,N/A,N/A,http://www.linkedin.com/company/living-things-soda
4,Early-stage startup; Pre-revenue (needs dev),Electric Twin,electrictwin.com,http://www.electrictwin.com,London,United Kingdom,2023,N/A,0.0,http://www.linkedin.com/company/electric-twin
4,Early-stage startup; Pre-revenue (needs dev),James & Ella,ella.co,http://www.ella.co,London,United Kingdom,2020,N/A,0.0,http://www.linkedin.com/company/ella-co
4,Early-stage startup; Pre-revenue (needs dev),epetōme,epetome.com,http://www.epetome.com,London,United Kingdom,2023,N/A,N/A,http://www.linkedin.com/company/epetome
4,Scaleup stage; Revenue sweet spot,Feedr,feedr.co,http://www.feedr.co,London,United Kingdom,2016,2M,0.0,http://www.linkedin.com/company/feedr-ltd
4,Early-stage startup; Pre-revenue (needs dev),FINOR Tech,finor.io,http://www.finor.io,London,United Kingdom,2022,N/A,0.0,http://www.linkedin.com/company/finor-tech
4,Growth company; Growing team; Pre-revenue (needs dev),Flashpoint,flashpointvc.com,http://www.flashpointvc.com,London,United Kingdom,2012,N/A,0.2727272727272727,http://www.linkedin.com/company/flashpointinvestments
4,Early-stage startup; Pre-revenue (needs dev),Footium,footium.club,http://www.footium.club,London,United Kingdom,2021,N/A,0.0,http://www.linkedin.com/company/footium
4,Early-stage startup; Pre-revenue (needs dev),Clave,getclave.io,http://www.getclave.io,London,United Kingdom,2023,N/A,0.0,http://www.linkedin.com/company/getclave
4,Growth company; Revenue sweet spot; Fintech vertical,GHO Capital Partners LLP,ghocapital.com,http://www.ghocapital.com,London,United Kingdom,2014,25M,-0.07142857142857142,http://www.linkedin.com/company/gho-capital-partners-llp
4,Growth company; Growing team; Pre-revenue (needs dev),Global Gaming Insider,globalgaminginsider.com,http://www.globalgaminginsider.com,London,United Kingdom,2010,N/A,0.3333333333333333,http://www.linkedin.com/company/globalgaminginsider
4,Early-stage startup; Pre-revenue (needs dev),Goalhanger,goalhanger.com,http://www.goalhanger.com,London,United Kingdom,2022,N/A,0.0,http://www.linkedin.com/company/goalhanger
4,Early-stage startup; Pre-revenue (needs dev),Grapevine,grapevine.travel,http://www.grapevine.travel,London,United Kingdom,2020,N/A,0.0,http://www.linkedin.com/company/grapevinetravel
4,Early-stage startup; Pre-revenue (needs dev),Gutology,gutology.co.uk,http://www.gutology.co.uk,London,United Kingdom,2020,N/A,N/A,http://www.linkedin.com/company/gutology
4,Early-stage startup; Pre-revenue (needs dev),Hello Klean,helloklean.com,http://www.helloklean.com,London,United Kingdom,2020,N/A,0.0,http://www.linkedin.com/company/hello-klean
4,Scaleup stage; Revenue sweet spot,Honest Mobile,honestmobile.com,http://www.honestmobile.com,London,United Kingdom,2018,2M,0.0,http://www.linkedin.com/company/honest-mobile
4,Growth company; Modest growth; Revenue sweet spot,HubBox,hub-box.com,http://www.hub-box.com,London,United Kingdom,2015,3.2M,0.07692307692307693,http://www.linkedin.com/company/hubboxhq
4,Growth company; Modest growth; Revenue sweet spot,HYPERVSN,hypervsn.com,http://www.hypervsn.com,London,United Kingdom,2011,5.5M,0.03703703703703703,http://www.linkedin.com/company/hypervsn
4,Scaleup stage; Revenue sweet spot,iLoF,ilof.tech,http://www.ilof.tech,London,United Kingdom,2019,3.2M,0.0,http://www.linkedin.com/company/iloftech
4,Early-stage startup; Pre-revenue (needs dev),incentifi,incentifi.io,http://www.incentifi.io,London,United Kingdom,2023,N/A,0.0,http://www.linkedin.com/company/incentifi
4,Early-stage startup; Pre-revenue (needs dev),Inside Agent,insideagent365.com,http://www.insideagent365.com,London,United Kingdom,2024,N/A,N/A,http://www.linkedin.com/company/insideagent
4,Early-stage startup; Pre-revenue (needs dev),InsiderCX,insidercx.com,http://www.insidercx.com,London,United Kingdom,2020,N/A,0.0,http://www.linkedin.com/company/insidercx
4,Early-stage startup; Pre-revenue (needs dev),IONETIC,ionetic.com,http://www.ionetic.com,London,United Kingdom,2022,N/A,N/A,http://www.linkedin.com/company/ionetic
4,Early-stage startup; Pre-revenue (needs dev),ivee,ivee.jobs,http://www.ivee.jobs,London,United Kingdom,2023,N/A,0.0,http://www.linkedin.com/company/iveejobs
4,Early-stage startup; Pre-revenue (needs dev),Jigcar,jigcar.com,http://www.jigcar.com,London,United Kingdom,2023,N/A,N/A,http://www.linkedin.com/company/jigcar
4,Scaleup stage; Pre-revenue (needs dev); Fintech vertical,JJCFinTech,jjcfintech.com,http://www.jjcfintech.com,London,United Kingdom,2017,N/A,0.0,http://www.linkedin.com/company/jjcfintech
4,Early-stage startup; Pre-revenue (needs dev),Dig,joindig.co.uk,http://www.joindig.co.uk,London,United Kingdom,2022,N/A,0.0,http://www.linkedin.com/company/joindig
4,Early-stage startup; Pre-revenue (needs dev),Kampus,kampus24.com,http://www.kampus24.com,London,United Kingdom,2020,N/A,0.0,http://www.linkedin.com/company/kampus24
4,Scaleup stage; Revenue sweet spot,Keyless (part of Ping Identity),keyless.io,http://www.keyless.io,London,United Kingdom,2019,8M,0.0,http://www.linkedin.com/company/keylesstech
4,Scaleup stage; Revenue sweet spot,KidsKnowBest,kidsknowbest.co.uk,http://www.kidsknowbest.co.uk,London,United Kingdom,2017,1.2M,0.0,http://www.linkedin.com/company/kids-know-best
4,Early-stage startup; Pre-revenue (needs dev),Kikin,kikin.io,http://www.kikin.io,London,United Kingdom,2023,N/A,0.0,http://www.linkedin.com/company/kikin-finance
4,Early-stage startup; Pre-revenue (needs dev),Kinfolk,kinfolkhq.com,http://www.kinfolkhq.com,London,United Kingdom,2023,N/A,0.0,http://www.linkedin.com/company/kinfolkhq
4,Scaleup stage; Growing team,Kraken,kraken.tech,http://www.kraken.tech,London,United Kingdom,2019,500M,0.1166306695464363,http://www.linkedin.com/company/krakentech
4,Early-stage startup; Pre-revenue (needs dev),Kuppa,kuppa.co.uk,http://www.kuppa.co.uk,London,United Kingdom,2022,N/A,N/A,http://www.linkedin.com/company/yourkuppa
4,Early-stage startup; Pre-revenue (needs dev),LaunchLemonade🍋,launchlemonade.app,http://www.launchlemonade.app,London,United Kingdom,2024,N/A,-1.0,http://www.linkedin.com/company/launchlemonade
4,Early-stage startup; Pre-revenue (needs dev),Levellr,levellr.com,http://www.levellr.com,London,United Kingdom,2021,N/A,0.0,http://www.linkedin.com/company/levellr
4,Early-stage startup; Pre-revenue (needs dev),Limetrack,limetrack.earth,http://www.limetrack.earth,London,United Kingdom,2021,N/A,-1.0,http://www.linkedin.com/company/limetrack
4,Early-stage startup; Pre-revenue (needs dev),ListAlpha,listalpha.com,http://www.listalpha.com,London,United Kingdom,2022,N/A,0.0,http://www.linkedin.com/company/joinlistalpha
4,Early-stage startup; Pre-revenue (needs dev),LOAH,loah.beer,http://www.loah.beer,London,United Kingdom,2020,N/A,0.0,http://www.linkedin.com/company/loah-beer
4,Early-stage startup; Pre-revenue (needs dev),Loxa,loxacover.com,http://www.loxacover.com,London,United Kingdom,2023,N/A,0.0,http://www.linkedin.com/company/loxa-cover
4,Early-stage startup; Pre-revenue (needs dev),Lúnasa Space,lunasaspace.com,http://www.lunasaspace.com,London,United Kingdom,2021,N/A,0.0,http://www.linkedin.com/company/lunasaspace
4,Early-stage startup; Pre-revenue (needs dev),MAGIC AI,magic.fit,http://www.magic.fit,London,United Kingdom,2021,N/A,0.0,http://www.linkedin.com/company/magicfit2021
4,Scaleup stage; Growing team,Manual,manual.co,http://www.manual.co,London,United Kingdom,2018,150.2M,0.1867469879518072,http://www.linkedin.com/company/manualco
4,Early-stage startup; Pre-revenue (needs dev),Marleybones,marleybones.com,http://www.marleybones.com,London,United Kingdom,2020,N/A,0.0,http://www.linkedin.com/company/marleybones
4,Early-stage startup; Pre-revenue (needs dev),Mater-AI,mater-ai.com,http://www.mater-ai.com,London,United Kingdom,2023,N/A,N/A,http://www.linkedin.com/company/mater-ai
4,Scaleup stage; Pre-revenue (needs dev); Healthtech vertical,Media Marketing Compliance,mediamarketingcompliance.com,http://www.mediamarketingcompliance.com,London,United Kingdom,2019,N/A,-0.07692307692307693,http://www.linkedin.com/company/media-marketing-compliance
4,Early-stage startup; Pre-revenue (needs dev),Mondra,mondra.com,http://www.mondra.com,London,United Kingdom,2020,N/A,-0.05263157894736842,http://www.linkedin.com/company/mondra
4,Scaleup stage; Revenue sweet spot,Monolith,monolithai.com,http://www.monolithai.com,London,United Kingdom,2016,2.5M,0.0,http://www.linkedin.com/company/monolith-ai
4,Early-stage startup; Pre-revenue (needs dev),Monq,monq.io,http://www.monq.io,London,United Kingdom,2025,N/A,N/A,http://www.linkedin.com/company/monqai
4,Scaleup stage; Revenue sweet spot,Motorway,motorway.co.uk,http://www.motorway.co.uk,London,United Kingdom,2017,83M,-0.05263157894736842,http://www.linkedin.com/company/motorway-online-ltd.
4,Early-stage startup; Pre-revenue (needs dev),Movmenta,movmenta.com,http://www.movmenta.com,London,United Kingdom,2022,N/A,0.0,http://www.linkedin.com/company/movmenta
4,Growth company; Growing team; Pre-revenue (needs dev),native,native.fm,http://www.native.fm,London,United Kingdom,2015,N/A,0.4545454545454545,http://www.linkedin.com/company/nativecampus
4,Early-stage startup; Pre-revenue (needs dev),Nesti,nesti.io,http://www.nesti.io,London,United Kingdom,2022,N/A,0.0,http://www.linkedin.com/company/nesti-io
4,Modest growth; Revenue sweet spot; Healthtech vertical,NI for Health & Clinical Excellence,nice.org.uk,http://www.nice.org.uk,London,United Kingdom,1999,75M,0.07692307692307693,http://www.linkedin.com/company/national-institute-for-health-and-care-excellence
4,Growth company; Revenue sweet spot; Fintech vertical,Nucleus Commercial Finance,nucleuscommercialfinance.com,http://www.nucleuscommercialfinance.com,London,United Kingdom,2011,4.1M,0.0,http://www.linkedin.com/company/nucleus-commercial-finance-ltd-
4,Scaleup stage; Pre-revenue (needs dev); AI/Deep tech,OctaiPipe,octaipipe.ai,http://www.octaipipe.ai,London,United Kingdom,2016,N/A,0.0,http://www.linkedin.com/company/octaipipe
4,Scaleup stage; Modest growth; Pre-revenue (needs dev),Odore,odore.com,http://www.odore.com,London,United Kingdom,2018,N/A,0.08333333333333333,http://www.linkedin.com/company/odore
4,Scaleup stage; Growing team,OK COOL,okcool.io,http://www.okcool.io,London,United Kingdom,2016,166.3M,0.1590909090909091,http://www.linkedin.com/company/ok-cool
4,Early-stage startup; Pre-revenue (needs dev),ONE Strategy Studio,onestrategystudio.com,http://www.onestrategystudio.com,London,United Kingdom,2023,N/A,0.0,http://www.linkedin.com/company/one-strategy-studio
4,Early-stage startup; Pre-revenue (needs dev),OptimalSlope Ltd,optimalslope.com,http://www.optimalslope.com,London,United Kingdom,2021,N/A,0.0,http://www.linkedin.com/company/optimalslope
4,Scaleup stage; Revenue sweet spot,Ori,ori.co,http://www.ori.co,London,United Kingdom,2018,11M,-0.1666666666666667,http://www.linkedin.com/company/ori-global-cloud
4,Growing team; Revenue sweet spot,Ostium,ostium.com,http://www.ostium.com,London,United Kingdom,N/A,1M,0.1875,http://www.linkedin.com/company/ostium-labs
4,Early-stage startup; Pre-revenue (needs dev),Pantaloon,pantaloon.io,http://www.pantaloon.io,London,United Kingdom,2023,N/A,0.0,http://www.linkedin.com/company/pantaloon-interactive
4,Modest growth; Revenue sweet spot; Fintech vertical,Park Square Capital,parksquarecapital.com,http://www.parksquarecapital.com,London,United Kingdom,2004,38.8M,0.05555555555555555,http://www.linkedin.com/company/park-square-capital
4,Early-stage startup; Pre-revenue (needs dev),Peachaus,peachaus.com,http://www.peachaus.com,London,United Kingdom,2021,N/A,0.0,http://www.linkedin.com/company/peachaus
4,Early-stage startup; Pre-revenue (needs dev),Plantec Ventures,plantec.io,http://www.plantec.io,London,United Kingdom,2022,N/A,0.0,http://www.linkedin.com/company/plantec-ltd
4,Early-stage startup; Pre-revenue (needs dev),Ploy,ploy.io,http://www.ploy.io,London,United Kingdom,2023,N/A,N/A,http://www.linkedin.com/company/joinploy
4,Early-stage startup; Pre-revenue (needs dev),PolyModels Hub,polymodelshub.com,http://www.polymodelshub.com,London,United Kingdom,2023,N/A,N/A,http://www.linkedin.com/company/polymodels-hub
4,Early-stage startup; Pre-revenue (needs dev),Preventr®,preventr.co,http://www.preventr.co,London,United Kingdom,2024,N/A,N/A,http://www.linkedin.com/company/preventr
4,Early-stage startup; Pre-revenue (needs dev),Qlarifi,qlarifi.com,http://www.qlarifi.com,London,United Kingdom,2023,N/A,-1.0,http://www.linkedin.com/company/qlarifi
4,Scaleup stage; Revenue sweet spot,Qualis Flow (Qflow),qualisflow.com,http://www.qualisflow.com,London,United Kingdom,2018,1M,0.0,http://www.linkedin.com/company/qualis-flow
4,Early-stage startup; Pre-revenue (needs dev),Ranger Fire & Security,rangerfs.com,http://www.rangerfs.com,London,United Kingdom,2022,N/A,N/A,http://www.linkedin.com/company/ranger-fire-and-security
4,Scaleup stage; Revenue sweet spot,Relation,relationrx.com,http://www.relationrx.com,London,United Kingdom,2019,15.2M,0.0,http://www.linkedin.com/company/relation-therapeutics
4,Early-stage startup; Pre-revenue (needs dev),Replacer,replacer.com,http://www.replacer.com,London,United Kingdom,2024,N/A,0.0,http://www.linkedin.com/company/replacer.com
4,Growth company; Revenue sweet spot; Fintech vertical,Salary Finance,salaryfinance.com,http://www.salaryfinance.com,London,United Kingdom,2015,16.8M,-0.08333333333333333,http://www.linkedin.com/company/salaryfinance
4,Early-stage startup; Pre-revenue (needs dev),Sanome,sanome.com,http://www.sanome.com,London,United Kingdom,2020,N/A,0.0,http://www.linkedin.com/company/sanome
4,Scaleup stage; Pre-revenue (needs dev); Healthtech vertical,Saulderson Media,saulderson.com,http://www.saulderson.com,London,United Kingdom,2018,N/A,0.0,http://www.linkedin.com/company/saulderson
4,Early-stage startup; Pre-revenue (needs dev),Seamflow,seamflow.com,http://www.seamflow.com,London,United Kingdom,2025,N/A,0.0,http://www.linkedin.com/company/seamflow
4,Early-stage startup; Pre-revenue (needs dev),Shuttle,shuttle.dev,http://www.shuttle.dev,London,United Kingdom,2020,N/A,0.0,http://www.linkedin.com/company/shuttle-yc
4,Scaleup stage; Revenue sweet spot,SOLIVUS,solivus.com,http://www.solivus.com,London,United Kingdom,2016,2M,0.0,http://www.linkedin.com/company/solivus
4,Early-stage startup; Pre-revenue (needs dev),SOLVE Chemistry,solvechemistry.com,http://www.solvechemistry.com,London,United Kingdom,2024,N/A,N/A,http://www.linkedin.com/company/solve-chemistry
4,Early-stage startup; Pre-revenue (needs dev),SPORTL,sportl.co.uk,http://www.sportl.co.uk,London,United Kingdom,2025,N/A,0.0,http://www.linkedin.com/company/sportl-app
4,Scaleup stage; Growing team,Schroders Personal Wealth,spw.com,http://www.spw.com,London,United Kingdom,2019,228M,0.1428571428571428,http://www.linkedin.com/company/spw-wealth
4,Early-stage startup; Pre-revenue (needs dev),Stackt,stackt.co.uk,http://www.stackt.co.uk,London,United Kingdom,2021,N/A,-0.1666666666666667,http://www.linkedin.com/company/stacktcouk
4,Early-stage startup; Pre-revenue (needs dev),Stanhope AI,stanhopeai.com,http://www.stanhopeai.com,London,United Kingdom,2021,N/A,N/A,http://www.linkedin.com/company/stanhope-ai
4,Growth company; Growing team; Pre-revenue (needs dev),Syd Life AI,syd.life,http://www.syd.life,London,United Kingdom,2015,N/A,0.375,http://www.linkedin.com/company/syd-life-ai
4,Early-stage startup; Pre-revenue (needs dev),SYNQ,synq.io,http://www.synq.io,London,United Kingdom,2022,N/A,0.0,http://www.linkedin.com/company/getsynq
4,Early-stage startup; Pre-revenue (needs dev),TekCor4,tekcor4.com,http://www.tekcor4.com,London,United Kingdom,2023,N/A,0.0,http://www.linkedin.com/company/tekcor4
4,Rapid hiring; Pre-revenue (needs dev),Tenora,tenora.com,http://www.tenora.com,London,United Kingdom,N/A,N/A,1.5,http://www.linkedin.com/company/tenoragroup
4,Scaleup stage; Revenue sweet spot,Ben,thanksben.com,http://www.thanksben.com,London,United Kingdom,2019,61.8M,0.0,http://www.linkedin.com/company/thanksben
4,Early-stage startup; Pre-revenue (needs dev),Thier,thier.io,http://www.thier.io,London,United Kingdom,2022,N/A,N/A,http://www.linkedin.com/company/be-healthier-be-wealthier-use-thier
4,Scaleup stage; Revenue sweet spot,Trade Ledger™,tradeledger.io,http://www.tradeledger.io,London,United Kingdom,2016,6.5M,0.0,http://www.linkedin.com/company/tradeledger
4,Early-stage startup; Pre-revenue (needs dev),TruFin Labs,trufin.io,http://www.trufin.io,London,United Kingdom,2022,N/A,0.0,http://www.linkedin.com/company/trufinlabs
4,Scaleup stage; Revenue sweet spot,Tymit,tymit.com,http://www.tymit.com,London,United Kingdom,2017,8M,-0.1111111111111111,http://www.linkedin.com/company/tymit
4,Early-stage startup; Pre-revenue (needs dev),Unfabled,unfabled.co,http://www.unfabled.co,London,United Kingdom,2021,N/A,0.0,http://www.linkedin.com/company/unfabled
4,Scaleup stage; Pre-revenue (needs dev); Healthtech vertical,Untamed | B Corp™,untamed.com,http://www.untamed.com,London,United Kingdom,2019,N/A,0.0,http://www.linkedin.com/company/untamedcatfood
4,Early-stage startup; Pre-revenue (needs dev),Vennre,vennre.com,http://www.vennre.com,London,United Kingdom,2021,N/A,0.0,http://www.linkedin.com/company/vennre
4,Early-stage startup; Pre-revenue (needs dev),Wealthyhood,wealthyhood.com,http://www.wealthyhood.com,London,United Kingdom,2020,N/A,0.0,http://www.linkedin.com/company/wealthyhood-invest
4,Early-stage startup; Pre-revenue (needs dev),AUDIENCES,weareaudiences.com,http://www.weareaudiences.com,London,United Kingdom,2022,N/A,0.0,http://www.linkedin.com/company/audiencetechnologieslimited
4,Early-stage startup; Pre-revenue (needs dev),Fairgame,wearefairgame.com,http://www.wearefairgame.com,London,United Kingdom,2022,N/A,0.0,http://www.linkedin.com/company/wearefairgame
4,Growth company; Growing team; Pre-revenue (needs dev),Winterflood Business Services,winterfloodbusinessservices.com,http://www.winterfloodbusinessservices.com,London,United Kingdom,2010,N/A,0.1,http://www.linkedin.com/company/winterflood-business-services
4,Early-stage startup; Pre-revenue (needs dev),Emerald,withemerald.com,http://www.withemerald.com,London,United Kingdom,2024,N/A,0.0,http://www.linkedin.com/company/emerald-health
4,Early-stage startup; Pre-revenue (needs dev),ZNG Cover,zingcover.com,http://www.zingcover.com,London,United Kingdom,2021,N/A,0.0,http://www.linkedin.com/company/zing-cover
4,Scaleup stage; Revenue sweet spot,ZOE,zoe.com,http://www.zoe.com,London,United Kingdom,2017,87M,-0.02040816326530612,http://www.linkedin.com/company/joinzoe
3,Growth company; Revenue sweet spot,AG Grid,ag-grid.com,http://www.ag-grid.com,London,United Kingdom,2015,1M,0.0,http://www.linkedin.com/company/ag-grid
3,Growth company; Revenue sweet spot,Aibuild,ai-build.com,http://www.ai-build.com,London,United Kingdom,2015,1M,0.0,http://www.linkedin.com/company/ai-build
3,Growing team; Pre-revenue (needs dev),ai.io,ai.io,http://www.ai.io,London,United Kingdom,N/A,N/A,0.1875,http://www.linkedin.com/company/ai-io
3,Scaleup stage; Pre-revenue (needs dev),Amplified Global™,amplified.global,http://www.amplified.global,London,United Kingdom,2017,N/A,0.0,http://www.linkedin.com/company/amplifiglobal
3,Rapid hiring,Arcus Infrastructure Partners LLP,arcusip.com,http://www.arcusip.com,London,United Kingdom,2009,115M,1.0,http://www.linkedin.com/company/arcus-infrastructure-partners-llp
3,Growth company; Pre-revenue (needs dev); Fintech vertical,Astarte Capital Partners LLP,astartecp.com,http://www.astartecp.com,London,United Kingdom,2015,N/A,0.0,http://www.linkedin.com/company/astarte-capital-partners
3,Scaleup stage; Pre-revenue (needs dev),Atom CTO,atomcto.com,http://www.atomcto.com,London,United Kingdom,2017,N/A,0.0,http://www.linkedin.com/company/atomctoltd
3,Growth company; Revenue sweet spot,BACKED VC,backed.vc,http://www.backed.vc,London,United Kingdom,2015,2M,0.0,http://www.linkedin.com/company/backed-vc
3,Growth company; Revenue sweet spot,BBC Maestro,bbcmaestro.com,http://www.bbcmaestro.com,London,United Kingdom,2011,1.5M,0.0,http://www.linkedin.com/company/bbc-maestro
3,Growth company; Revenue sweet spot,Borough Broth | B Corp™,boroughbroth.co.uk,http://www.boroughbroth.co.uk,London,United Kingdom,2015,1.1M,N/A,http://www.linkedin.com/company/borough-broth
3,Scaleup stage; Pre-revenue (needs dev),Brite,britedrinks.com,http://www.britedrinks.com,London,United Kingdom,2016,N/A,0.0,http://www.linkedin.com/company/britedrinks
3,Scaleup stage; Pre-revenue (needs dev),British Design Fund,britishdesignfund.co.uk,http://www.britishdesignfund.co.uk,London,United Kingdom,2016,N/A,0.0,http://www.linkedin.com/company/britishdesignfund
3,Growth company; Revenue sweet spot,Broadwick,broadwicklive.com,http://www.broadwicklive.com,London,United Kingdom,2010,64.3M,0.0,http://www.linkedin.com/company/broadwickgroup
3,Scaleup stage; Pre-revenue (needs dev),Carnot Engines,carnotengines.com,http://www.carnotengines.com,London,United Kingdom,2019,N/A,0.0,http://www.linkedin.com/company/carnot-engines-uk
3,Growth company; Revenue sweet spot,Centauri Therapeutics Limited,centauritherapeutics.com,http://www.centauritherapeutics.com,London,United Kingdom,2014,7.6M,0.0,http://www.linkedin.com/company/centauri-therapeutics-limited
3,Scaleup stage; Pre-revenue (needs dev),CharterSync,chartersync.com,http://www.chartersync.com,London,United Kingdom,2017,N/A,0.0,http://www.linkedin.com/company/chartersync
3,Growth company; Pre-revenue (needs dev); Fintech vertical,Clarke Banks Group,clarkebanks.com,http://www.clarkebanks.com,London,United Kingdom,2013,N/A,0.0,http://www.linkedin.com/company/clarke-banks-group-limited
3,Scaleup stage; Pre-revenue (needs dev),Clean Planet Energy,cleanplanet.com,http://www.cleanplanet.com,London,United Kingdom,2018,N/A,0.0,http://www.linkedin.com/company/clean-planet-energy
3,Scaleup stage; Pre-revenue (needs dev),Cloud Cycle Ltd,cloudcycle.com,http://www.cloudcycle.com,London,United Kingdom,2018,N/A,0.0,http://www.linkedin.com/company/cloudcycle
3,Modest growth; Pre-revenue (needs dev); Healthtech vertical,Creative Media,creativemediax.com,http://www.creativemediax.com,London,United Kingdom,2000,N/A,0.01351351351351351,http://www.linkedin.com/company/creative-media-x
3,Growth company; Revenue sweet spot,CRU Kafe,crukafe.com,http://www.crukafe.com,London,United Kingdom,2013,3M,0.0,http://www.linkedin.com/company/cru-kafe
3,Scaleup stage; Pre-revenue (needs dev),Curvestone AI,curvestone.io,http://www.curvestone.io,London,United Kingdom,2017,N/A,0.0,http://www.linkedin.com/company/curvestone
3,Scaleup stage; Pre-revenue (needs dev),CYB3R,cyb3r.group,http://www.cyb3r.group,London,United Kingdom,2019,N/A,0.0,http://www.linkedin.com/company/cyb3rgroup
3,Growth company; Revenue sweet spot,Cyberseer,cyberseer.net,http://www.cyberseer.net,London,United Kingdom,2014,1.5M,0.0,http://www.linkedin.com/company/cyberseer
3,Scaleup stage; Pre-revenue (needs dev),Dashly,dashly.com,http://www.dashly.com,London,United Kingdom,2018,N/A,0.0,http://www.linkedin.com/company/dashly
3,Growth company; Revenue sweet spot,Disperse,disperse.io,http://www.disperse.io,London,United Kingdom,2015,48.3M,-0.03448275862068965,http://www.linkedin.com/company/disperse-io
3,Growth company; Revenue sweet spot,Electron,electron.net,http://www.electron.net,London,United Kingdom,2015,2.5M,0.0,http://www.linkedin.com/company/electron-grid
3,Scaleup stage; Pre-revenue (needs dev),El Rayo Tequila,elrayotequila.com,http://www.elrayotequila.com,London,United Kingdom,2018,N/A,0.0,http://www.linkedin.com/company/el-rayo-tequila
3,Scaleup stage; Pre-revenue (needs dev),Engitix Therapeutics,engitix.com,http://www.engitix.com,London,United Kingdom,2016,N/A,0.0,http://www.linkedin.com/company/engitix-limited
3,Growth company; Revenue sweet spot,Evocon,evocon.com,http://www.evocon.com,London,United Kingdom,2010,4M,0.0,http://www.linkedin.com/company/evocon-o-
3,Early-stage startup,Interoute,exainfra.net,http://www.exainfra.net,London,United Kingdom,2021,662.5M,0.0,http://www.linkedin.com/company/interoute
3,Scaleup stage; Pre-revenue (needs dev),Financial Edge Training,fe.training,http://www.fe.training,London,United Kingdom,2016,N/A,0.0,http://www.linkedin.com/school/financial-edge-training
3,Scaleup stage; Pre-revenue (needs dev),FINTRAIL,fintrail.com,http://www.fintrail.com,London,United Kingdom,2016,N/A,0.0,http://www.linkedin.com/company/fintrail
3,Growth company; Revenue sweet spot,Flock,flockcover.com,http://www.flockcover.com,London,United Kingdom,2015,4M,-0.2,http://www.linkedin.com/company/flockmotor
3,Early-stage startup,Fuse Energy,fuseenergy.com,http://www.fuseenergy.com,London,United Kingdom,2022,401M,-0.07142857142857142,http://www.linkedin.com/company/fuseenergyhq
3,Scaleup stage; Early revenue,Globacap,globacap.com,http://www.globacap.com,London,United Kingdom,2017,431K,-0.2857142857142857,http://www.linkedin.com/company/globacap
3,Scaleup stage; Pre-revenue (needs dev),G=mc2,gmc2.com,http://www.gmc2.com,London,United Kingdom,2017,N/A,0.0,http://www.linkedin.com/company/g-mc2
3,Growth company; Revenue sweet spot,Goldfinger,goldfinger.design,http://www.goldfinger.design,London,United Kingdom,2013,4.5M,0.0,http://www.linkedin.com/company/goldfinger-design
3,Growth company; Revenue sweet spot,Hadean,hadean.com,http://www.hadean.com,London,United Kingdom,2015,7M,0.0,http://www.linkedin.com/company/hadean
3,Scaleup stage; Pre-revenue (needs dev),Heat Geek,heatgeek.com,http://www.heatgeek.com,London,United Kingdom,2016,N/A,0.0,http://www.linkedin.com/company/heat-geek
3,Scaleup stage; Pre-revenue (needs dev),Hello Neighbour,hello-neighbour.com,http://www.hello-neighbour.com,London,United Kingdom,2018,N/A,0.0,http://www.linkedin.com/company/hello-neighbour
3,Growth company; Revenue sweet spot,Illuminate Financial,illuminatefinancial.com,http://www.illuminatefinancial.com,London,United Kingdom,2014,3.2M,0.0,http://www.linkedin.com/company/illuminate-financial-management
3,Scaleup stage; Pre-revenue (needs dev),Imagen Insights,imageninsights.com,http://www.imageninsights.com,London,United Kingdom,2019,N/A,-0.05882352941176471,http://www.linkedin.com/company/imageninsights
3,Scaleup stage; Pre-revenue (needs dev),Impli,impli.org,http://www.impli.org,London,United Kingdom,2019,N/A,0.0,http://www.linkedin.com/company/impli
3,Scaleup stage; Pre-revenue (needs dev),Jennis,jennis.com,http://www.jennis.com,London,United Kingdom,2019,N/A,0.0,http://www.linkedin.com/company/jennis-cyclemapping
3,Scaleup stage; Pre-revenue (needs dev),RORA,joinrora.com,http://www.joinrora.com,London,United Kingdom,2017,N/A,0.0,http://www.linkedin.com/company/joinrora
3,Scaleup stage; Pre-revenue (needs dev),JTRE London,jtrelondon.co.uk,http://www.jtrelondon.co.uk,London,United Kingdom,2019,N/A,0.0,http://www.linkedin.com/company/jtre-london
3,Revenue sweet spot; Fintech vertical,Kester,kestercapital.com,http://www.kestercapital.com,London,United Kingdom,2007,15M,0.0,http://www.linkedin.com/company/kester-capital
3,Growth company; Revenue sweet spot,LabGenius Therapeutics,labgeniustx.com,http://www.labgeniustx.com,London,United Kingdom,2012,2.3M,0.0,http://www.linkedin.com/company/labgeniustx
3,Scaleup stage; Pre-revenue (needs dev),Lickd,lickd.co,http://www.lickd.co,London,United Kingdom,2016,N/A,0.0,http://www.linkedin.com/company/lickd
3,Growth company; Revenue sweet spot,Low Carbon,lowcarbon.com,http://www.lowcarbon.com,London,United Kingdom,2011,2.4M,0.0,http://www.linkedin.com/company/low-carbon
3,Scaleup stage; Early revenue,Macro Hive,macrohive.com,http://www.macrohive.com,London,United Kingdom,2019,388K,0.0,http://www.linkedin.com/company/macro-hive
3,Revenue sweet spot; Fintech vertical,MML Capital Partners,mmlcapital.com,http://www.mmlcapital.com,London,United Kingdom,1988,24.0M,0.0,http://www.linkedin.com/company/mml-capital-partners
3,Scaleup stage; Pre-revenue (needs dev),MyARC,myarc.fitness,http://www.myarc.fitness,London,United Kingdom,2019,N/A,-0.375,http://www.linkedin.com/company/my-arc
3,Growth company; Revenue sweet spot,NorthRow (an ID-Pal company),northrow.com,http://www.northrow.com,London,United Kingdom,2010,5.5M,0.0,http://www.linkedin.com/company/northrow
3,Growth company; Revenue sweet spot,Notpla,notpla.com,http://www.notpla.com,London,United Kingdom,2014,2.3M,0.0,http://www.linkedin.com/company/notpla
3,Scaleup stage; Pre-revenue (needs dev),NSE (National Student Esports),nse.gg,http://www.nse.gg,London,United Kingdom,2018,N/A,0.0,http://www.linkedin.com/company/national-student-esports
3,Scaleup stage; Pre-revenue (needs dev),OceanSaver,ocean-saver.com,http://www.ocean-saver.com,London,United Kingdom,2018,N/A,0.0,http://www.linkedin.com/company/oceansaver
3,Scaleup stage; Pre-revenue (needs dev),OUNO,ounoapp.com,http://www.ounoapp.com,London,United Kingdom,2019,N/A,0.0,http://www.linkedin.com/company/ouno-app
3,Growing team; Pre-revenue (needs dev),Packamama,packamama.com,http://www.packamama.com,London,United Kingdom,N/A,N/A,0.2,http://www.linkedin.com/company/packamama
3,Growth company; Growing team,Paragon Global Brands,paragon.world,http://www.paragon.world,London,United Kingdom,2010,1.3B,0.2083333333333333,http://www.linkedin.com/company/paragon-global-brands
3,Growing team; Pre-revenue (needs dev),Pensight,pensight.com,http://www.pensight.com,London,United Kingdom,N/A,N/A,0.3333333333333333,http://www.linkedin.com/company/pensight
3,Growth company; Revenue sweet spot,Planky,planky.com,http://www.planky.com,London,United Kingdom,2014,7.5M,N/A,http://www.linkedin.com/company/planky-official
3,Growth company; Modest growth; Pre-revenue (needs dev),Pontaq,pontaq.vc,http://www.pontaq.vc,London,United Kingdom,2015,N/A,0.05882352941176471,http://www.linkedin.com/company/pontaq
3,Scaleup stage; Pre-revenue (needs dev),Rightcharge,rightcharge.com,http://www.rightcharge.com,London,United Kingdom,2019,N/A,0.0,http://www.linkedin.com/company/rightcharge
3,Scaleup stage; Pre-revenue (needs dev),Roarsome,roarsome.com,http://www.roarsome.com,London,United Kingdom,2017,N/A,N/A,http://www.linkedin.com/company/roarsome
3,Scaleup stage; Pre-revenue (needs dev),Seat Unique,seatunique.com,http://www.seatunique.com,London,United Kingdom,2018,N/A,-0.25,http://www.linkedin.com/company/seat-unique
3,Scaleup stage; Pre-revenue (needs dev),Shackleton Design and Manufacturing Co. Ltd.,shackleton.com,http://www.shackleton.com,London,United Kingdom,2016,N/A,0.0,http://www.linkedin.com/company/shackletonofficial
3,Growth company; Revenue sweet spot,SharpCloud from Lumivero,sharpcloud.com,http://www.sharpcloud.com,London,United Kingdom,2012,5.5M,-0.1666666666666667,http://www.linkedin.com/company/sharpcloud-software-ltd-
3,Growth company; Pre-revenue (needs dev); Healthtech vertical,SIME Diagnostics,simedx.com,http://www.simedx.com,London,United Kingdom,2014,N/A,-0.2,http://www.linkedin.com/company/sime-diagnostics
3,Growth company; Revenue sweet spot,Solidatus,solidatus.com,http://www.solidatus.com,London,United Kingdom,2011,3.3M,0.0,http://www.linkedin.com/company/solidatus
3,Scaleup stage; Pre-revenue (needs dev),Solo60,solo60.com,http://www.solo60.com,London,United Kingdom,2019,N/A,0.0,http://www.linkedin.com/company/solosixty
3,Scaleup stage; Pre-revenue (needs dev),Spot Ship,spot-ship.com,http://www.spot-ship.com,London,United Kingdom,2019,N/A,0.0,http://www.linkedin.com/company/spot-ship
3,Growth company; Revenue sweet spot,Statera Energy,stateraenergy.co.uk,http://www.stateraenergy.co.uk,London,United Kingdom,2015,1M,0.0,http://www.linkedin.com/company/statera-energy-limited
3,Scaleup stage; Pre-revenue (needs dev),Symfos,symfos.com,http://www.symfos.com,London,United Kingdom,2016,N/A,0.0,http://www.linkedin.com/company/symfos
3,Revenue sweet spot; Fintech vertical,TDR Capital,tdrcapital.com,http://www.tdrcapital.com,London,United Kingdom,2002,83.5M,0.0,http://www.linkedin.com/company/tdr-capital
3,Scaleup stage; Pre-revenue (needs dev),Tewke,tewke.com,http://www.tewke.com,London,United Kingdom,2019,N/A,0.0,http://www.linkedin.com/company/tewke
3,Scaleup stage; Pre-revenue (needs dev),Creator Fund,thecreatorfund.com,http://www.thecreatorfund.com,London,United Kingdom,2019,N/A,0.0,http://www.linkedin.com/company/creator-fund
3,Revenue sweet spot; Fintech vertical,Tristan Capital Partners,tristancap.com,http://www.tristancap.com,London,United Kingdom,2009,75.6M,0.0,http://www.linkedin.com/company/tristan-capital-partners
3,Scaleup stage; Pre-revenue (needs dev),un:hurd music,unhurdmusic.com,http://www.unhurdmusic.com,London,United Kingdom,2019,N/A,0.0,http://www.linkedin.com/company/unhurdmusic
3,Scaleup stage; Pre-revenue (needs dev),Veloce,veloce.gg,http://www.veloce.gg,London,United Kingdom,2018,N/A,0.0,http://www.linkedin.com/company/vivaveloce
3,Growth company; Modest growth; Pre-revenue (needs dev),Vigil,vigil.global,http://www.vigil.global,London,United Kingdom,2015,N/A,0.0625,http://www.linkedin.com/company/vigilglobal
3,Scaleup stage; Pre-revenue (needs dev),Vuealta Consulting,vuealta.com,http://www.vuealta.com,London,United Kingdom,2017,N/A,-0.6551724137931034,http://www.linkedin.com/company/vuealta
3,Scaleup stage; Pre-revenue (needs dev),WSG; part of M+C Saatchi Sport + Entertainment,womenssportsgroup.com,http://www.womenssportsgroup.com,London,United Kingdom,2019,N/A,N/A,http://www.linkedin.com/company/women-s-sports-group
3,Scaleup stage; Pre-revenue (needs dev),YesRef,yesref.com,http://www.yesref.com,London,United Kingdom,2019,N/A,N/A,http://www.linkedin.com/company/yesref
3,Scaleup stage; Pre-revenue (needs dev),Zenion Limited,zenion.com,http://www.zenion.com,London,United Kingdom,2018,N/A,0.0,http://www.linkedin.com/company/zenion
3,Growth company; Revenue sweet spot,Zora Ecosystems,zuluecosystems.com,http://www.zuluecosystems.com,London,United Kingdom,2012,6.7M,0.0,http://www.linkedin.com/company/zulu-ecosystems
3,Scaleup stage; Pre-revenue (needs dev),Zya,zya.co,http://www.zya.co,London,United Kingdom,2018,N/A,0.0,http://www.linkedin.com/company/zya-enzymes
2,Growth company; Pre-revenue (needs dev),3DEC,3dec.co.uk,http://www.3dec.co.uk,London,United Kingdom,2011,N/A,0.0,http://www.linkedin.com/company/3dec-ltd
2,Growth company; Pre-revenue (needs dev),Accountancy Cloud,accountancycloud.com,http://www.accountancycloud.com,London,United Kingdom,2014,N/A,0.0,http://www.linkedin.com/company/accountancycloud
2,Revenue sweet spot,Adapt (a Datapipe company),adapt.com,http://www.adapt.com,London,United Kingdom,2001,55.9M,0.0,http://www.linkedin.com/company/adapt
2,Pre-revenue (needs dev); AI/Deep tech,AI Score,aiscore.ai,http://www.aiscore.ai,London,United Kingdom,N/A,N/A,N/A,http://www.linkedin.com/company/ai-score-ai
2,Revenue sweet spot,All Things,allthingsbutter.co.uk,http://www.allthingsbutter.co.uk,London,United Kingdom,N/A,500K,0.0,http://www.linkedin.com/company/all-things-dairy
2,Revenue sweet spot,AMP Clean Energy,ampcleanenergy.com,http://www.ampcleanenergy.com,London,United Kingdom,2006,33M,0.0,http://www.linkedin.com/company/ampcleanenergy
2,Modest growth; Early revenue,AmplifyME,amplifyme.com,http://www.amplifyme.com,London,United Kingdom,2009,398K,0.05555555555555555,http://www.linkedin.com/company/amplifymeofficial
2,Growth company; Pre-revenue (needs dev),dot.,arctechinnovation.com,http://www.arctechinnovation.com,London,United Kingdom,2015,N/A,0.0,http://www.linkedin.com/company/arctech-innovation
2,Revenue sweet spot,ARKK,arkk.com,http://www.arkk.com,London,United Kingdom,2009,10M,0.0,http://www.linkedin.com/company/arkksolutions
2,Growth company; Pre-revenue (needs dev),Ascension,ascension.vc,http://www.ascension.vc,London,United Kingdom,2015,N/A,-0.1428571428571428,http://www.linkedin.com/company/ascensionvc
2,Growth company; Modest growth,Atlantica Sustainable Infrastructure Ltd,atlantica.com,http://www.atlantica.com,London,United Kingdom,2014,1.1B,0.01204819277108434,http://www.linkedin.com/company/atlantica-sustainable-infrastructure
2,Pre-revenue (needs dev); Proptech vertical,Atlantic House,atlantichousegroup.com,http://www.atlantichousegroup.com,London,United Kingdom,2008,N/A,0.0,http://www.linkedin.com/company/atlantic-house-fund-management
2,Revenue sweet spot,August Equity,augustequity.com,http://www.augustequity.com,London,United Kingdom,2001,6.1M,-1.0,http://www.linkedin.com/company/augustequity
2,Growing team,Azumi Restaurant Group,azumirestaurants.com,http://www.azumirestaurants.com,London,United Kingdom,2002,255M,0.1081081081081081,http://www.linkedin.com/company/azumi-limited
2,Revenue sweet spot,Becrypt,becrypt.com,http://www.becrypt.com,London,United Kingdom,2001,11.8M,0.0,http://www.linkedin.com/company/becrypt
2,Revenue sweet spot,Bladonmore,bladonmore.com,http://www.bladonmore.com,London,United Kingdom,2002,12.7M,0.0,http://www.linkedin.com/company/bladonmore
2,Revenue sweet spot,Candyspace,candyspace.com,http://www.candyspace.com,London,United Kingdom,2005,10M,0.0,http://www.linkedin.com/company/candyspace-media
2,Growth company; Pre-revenue (needs dev),CBCX,cbcx.com,http://www.cbcx.com,London,United Kingdom,2010,N/A,0.0,http://www.linkedin.com/company/cbcxgroup
2,Growth company; Modest growth,CNH,cnh.com,http://www.cnh.com,London,United Kingdom,2012,17.8B,0.002325040688212044,http://www.linkedin.com/company/cnh
2,Revenue sweet spot,ComCab London,comcab.com,http://www.comcab.com,London,United Kingdom,1958,18.5M,N/A,http://www.linkedin.com/company/comcablondon
2,Revenue sweet spot,Delancey,delancey.com,http://www.delancey.com,London,United Kingdom,1995,10M,0.0,http://www.linkedin.com/company/delancey
2,Revenue sweet spot,Driven Worldwide,drivenworldwide.com,http://www.drivenworldwide.com,London,United Kingdom,2000,2.6M,0.0,http://www.linkedin.com/company/driven-worldwide
2,Growth company; Pre-revenue (needs dev),embracent,embracent.com,http://www.embracent.com,London,United Kingdom,2015,N/A,0.0,http://www.linkedin.com/company/embracent
2,Revenue sweet spot,English Cheesecake Company | B Corp Certified,englishcheesecake.com,http://www.englishcheesecake.com,London,United Kingdom,1993,2.9M,0.0,http://www.linkedin.com/company/the-english-cheesecake-company
2,Growth company; Early revenue,Enthuse,enthuse.com,http://www.enthuse.com,London,United Kingdom,2012,76K,0.0,http://www.linkedin.com/company/enthuseco
2,Revenue sweet spot,eStoreBrands,estorebrands.com,http://www.estorebrands.com,London,United Kingdom,2009,1M,0.0,http://www.linkedin.com/company/estorebrands
2,Revenue sweet spot,EyeQuant,eyequant.com,http://www.eyequant.com,London,United Kingdom,2009,3.1M,0.0,http://www.linkedin.com/company/eyequant
2,Pre-revenue (needs dev); AI/Deep tech,Fern Labs,fern-labs.ai,http://www.fern-labs.ai,London,United Kingdom,N/A,N/A,N/A,http://www.linkedin.com/company/fern-labs
2,Pre-revenue (needs dev); Proptech vertical,Fiera Real Estate Europe,fierarealestate.co.uk,http://www.fierarealestate.co.uk,London,United Kingdom,1992,N/A,N/A,http://www.linkedin.com/company/fiera-real-estate-europe
2,Pre-revenue (needs dev); AI/Deep tech,gameplAI,gamepl.ai,http://www.gamepl.ai,London,United Kingdom,N/A,N/A,0.0,http://www.linkedin.com/company/gameplai
2,Growth company; Pre-revenue (needs dev),Hambro Perks,hambroperks.com,http://www.hambroperks.com,London,United Kingdom,2013,N/A,0.0,http://www.linkedin.com/company/hambro-perks
2,Revenue sweet spot,Highview,highviewpower.com,http://www.highviewpower.com,London,United Kingdom,2005,43M,0.0,http://www.linkedin.com/company/highviewpower
2,Revenue sweet spot,Igneo Infrastructure Partners,igneoip.com,http://www.igneoip.com,London,United Kingdom,1994,20M,-0.02985074626865672,http://www.linkedin.com/company/igneo-infrastructure-partners
2,Pre-revenue (needs dev); Healthtech vertical,infoHealth Solutions,infohealth-solutions.co.uk,http://www.infohealth-solutions.co.uk,London,United Kingdom,2006,N/A,-1.0,http://www.linkedin.com/company/infohealth-solutions-ltd
2,Growth company; Modest growth,International Schools Partnership Limited,internationalschoolspartnership.com,http://www.internationalschoolspartnership.com,London,United Kingdom,2013,250M,0.0673854447439353,http://www.linkedin.com/company/international-schools-partnership-limited
2,Pre-revenue (needs dev); Fintech vertical,Investa,investa.co.uk,http://www.investa.co.uk,London,United Kingdom,N/A,N/A,0.0,http://www.linkedin.com/company/investauk
2,Growth company; Pre-revenue (needs dev),Le Col,lecol.cc,http://www.lecol.cc,London,United Kingdom,2011,N/A,0.0,http://www.linkedin.com/company/le-col
2,Growth company; Pre-revenue (needs dev),LegalGeek,legalgeek.co,http://www.legalgeek.co,London,United Kingdom,2015,N/A,0.0,http://www.linkedin.com/company/legalgeek
2,Revenue sweet spot,MARSS Group,marss.com,http://www.marss.com,London,United Kingdom,2005,18.3M,-0.03125,http://www.linkedin.com/company/marssgroup
2,Pre-revenue (needs dev); AI/Deep tech,Linda AI,meetlinda.ai,http://www.meetlinda.ai,London,United Kingdom,N/A,N/A,N/A,http://www.linkedin.com/company/meetlinda
2,Growth company; Early revenue,Missouri Creative,missouri-creative.com,http://www.missouri-creative.com,London,United Kingdom,2013,232K,0.0,http://www.linkedin.com/company/missouri-creative
2,Revenue sweet spot,Montagu,montagu.com,http://www.montagu.com,London,United Kingdom,1968,26.9M,0.0,http://www.linkedin.com/company/montagupe
2,Revenue sweet spot,Network Auctions (Part of BTG Eddisons),networkauctions.co.uk,http://www.networkauctions.co.uk,London,United Kingdom,N/A,554K,N/A,http://www.linkedin.com/company/network-auctions
2,Pre-revenue (needs dev); AI/Deep tech,Nexcade,nexcade.ai,http://www.nexcade.ai,London,United Kingdom,N/A,N/A,N/A,http://www.linkedin.com/company/nexcadeai
2,Revenue sweet spot,Ninja Tune,ninjatune.net,http://www.ninjatune.net,London,United Kingdom,1990,21M,0.0,http://www.linkedin.com/company/ninja-tune
2,Revenue sweet spot,Not On The High Street,notonthehighstreet.com,http://www.notonthehighstreet.com,London,United Kingdom,2006,33M,0.0,http://www.linkedin.com/company/notonthehighstreet-com
2,Growth company; Pre-revenue (needs dev),Novastar Ventures,novastarventures.com,http://www.novastarventures.com,London,United Kingdom,2014,N/A,-0.07692307692307693,http://www.linkedin.com/company/novastar-ventures
2,Pre-revenue (needs dev); Proptech vertical,Oval Real Estate,ovalrealestate.com,http://www.ovalrealestate.com,London,United Kingdom,N/A,N/A,0.0,http://www.linkedin.com/company/oval-real-estate-limited
2,Pre-revenue (needs dev); AI/Deep tech,Overmind,overmindlab.ai,http://www.overmindlab.ai,London,United Kingdom,N/A,N/A,N/A,http://www.linkedin.com/company/over-mind-ai
2,Growth company; Pre-revenue (needs dev),Pearson Ham Group | The Pricing Specialists,pearsonhamgroup.com,http://www.pearsonhamgroup.com,London,United Kingdom,2013,N/A,-0.8333333333333334,http://www.linkedin.com/company/pearson-ham-group
2,Growth company; Pre-revenue (needs dev),Perfumer H,perfumerh.com,http://www.perfumerh.com,London,United Kingdom,2015,N/A,0.0,http://www.linkedin.com/company/perfumer-h
2,Revenue sweet spot,Pharos Architectural Controls Ltd,pharoscontrols.com,http://www.pharoscontrols.com,London,United Kingdom,2004,4M,0.0,http://www.linkedin.com/company/pharoscontrols
2,Scaleup stage,Phenna Group,phennagroup.com,http://www.phennagroup.com,London,United Kingdom,2019,628.3M,0.0,http://www.linkedin.com/company/phenna-group
2,Growth company; Early revenue,ProFinda,profinda.com,http://www.profinda.com,London,United Kingdom,2011,450K,0.0,http://www.linkedin.com/company/profinda-com
2,Modest growth; Pre-revenue (needs dev),Reflo®,reflo.com,http://www.reflo.com,London,United Kingdom,2001,N/A,0.06666666666666667,http://www.linkedin.com/company/refloofficial
2,Growth company; Pre-revenue (needs dev),Retail247,retail247.com,http://www.retail247.com,London,United Kingdom,2014,N/A,0.0,http://www.linkedin.com/company/retail247-consulting-litd
2,Growth company; Pre-revenue (needs dev),Sen,sen.com,http://www.sen.com,London,United Kingdom,2014,N/A,-0.04166666666666666,http://www.linkedin.com/company/sen
2,Revenue sweet spot,SheerLuxe,sheerluxe.com,http://www.sheerluxe.com,London,United Kingdom,2007,3.2M,0.0,http://www.linkedin.com/company/sheerluxe
2,Growth company; Pre-revenue (needs dev),Slipform Engineering,slipformengineering.co.uk,http://www.slipformengineering.co.uk,London,United Kingdom,2015,N/A,0.0,http://www.linkedin.com/company/slipform-engineering
2,Growth company; Pre-revenue (needs dev),SOF (Substance Over Form Ltd.),sof-ltd.com,http://www.sof-ltd.com,London,United Kingdom,2014,N/A,0.0,http://www.linkedin.com/company/substance-over-form-limited
2,Revenue sweet spot,Spoon Cereals,spooncereals.co.uk,http://www.spooncereals.co.uk,London,United Kingdom,N/A,1.8M,N/A,http://www.linkedin.com/company/spoon-cereals-uk-ltd
2,Scaleup stage,Springpod,springpod.com,http://www.springpod.com,London,United Kingdom,2016,140.4M,0.0,http://www.linkedin.com/company/springpod
2,Pre-revenue (needs dev); AI/Deep tech,Stacks,stacks.ai,http://www.stacks.ai,London,United Kingdom,N/A,N/A,0.0,http://www.linkedin.com/company/stacks-ai
2,Pre-revenue (needs dev); Fintech vertical,Stafford Capital Partners,staffordcp.com,http://www.staffordcp.com,London,United Kingdom,2000,N/A,0.0,http://www.linkedin.com/company/stafford-capital-partners
2,Growth company; Pre-revenue (needs dev),Tallarium,tallarium.com,http://www.tallarium.com,London,United Kingdom,2015,N/A,0.0,http://www.linkedin.com/company/tallarium
2,Growth company; Pre-revenue (needs dev),Little Door & Co.,thelittledoorandco.com,http://www.thelittledoorandco.com,London,United Kingdom,2014,N/A,0.0,http://www.linkedin.com/company/littledoorandco
2,Growth company; Pre-revenue (needs dev),Thinks Insight & Strategy,thinksinsight.com,http://www.thinksinsight.com,London,United Kingdom,2010,N/A,0.0,http://www.linkedin.com/company/thinksinsight
2,Revenue sweet spot,TORI Global,toriglobal.com,http://www.toriglobal.com,London,United Kingdom,2002,2.1M,0.0,http://www.linkedin.com/company/toriglobal
2,Revenue sweet spot,Trackershop,trackershop-uk.com,http://www.trackershop-uk.com,London,United Kingdom,2007,1M,N/A,http://www.linkedin.com/company/trackershop-ltd
2,Growth company; Pre-revenue (needs dev),TrialView,trialview.com,http://www.trialview.com,London,United Kingdom,2014,N/A,0.0,http://www.linkedin.com/company/trialview
2,Revenue sweet spot,Victory Group,victorygroup.com,http://www.victorygroup.com,London,United Kingdom,2009,4.6M,0.0,http://www.linkedin.com/company/victory-advisors-limited
2,Growth company; Pre-revenue (needs dev),Warn,warnandco.com,http://www.warnandco.com,London,United Kingdom,2013,N/A,0.0,http://www.linkedin.com/company/warn-co
2,Growth company; Pre-revenue (needs dev),Wattstor,wattstor.com,http://www.wattstor.com,London,United Kingdom,2013,N/A,0.0,http://www.linkedin.com/company/wattstor
2,Growth company; Early revenue,Patchworks,wearepatchworks.com,http://www.wearepatchworks.com,London,United Kingdom,2014,421K,0.0,http://www.linkedin.com/company/patchworks
2,Modest growth; AI/Deep tech,With Intelligence,withintelligence.com,http://www.withintelligence.com,London,United Kingdom,1998,130M,0.04568527918781726,http://www.linkedin.com/company/withintelligence1
1,Pre-revenue (needs dev),Aventur,aventur.co.uk,http://www.aventur.co.uk,London,United Kingdom,N/A,N/A,0.0,http://www.linkedin.com/company/weareaventuruk
1,Healthtech vertical,Barchester Healthcare,barchester.com,http://www.barchester.com,London,United Kingdom,1992,1.2B,-0.025,http://www.linkedin.com/company/barchester-healthcare
1,Pre-revenue (needs dev),Broadgate,broadgateconsultants.com,http://www.broadgateconsultants.com,London,United Kingdom,2008,N/A,0.0,http://www.linkedin.com/company/broadgate-consultants-ltd
1,Pre-revenue (needs dev),BTD Consulting,btd.consulting,http://www.btd.consulting,London,United Kingdom,2001,N/A,-0.3333333333333333,http://www.linkedin.com/company/btdconsult
1,Modest growth,Burgess,burgessyachts.com,http://www.burgessyachts.com,London,United Kingdom,1975,190.1M,0.05042016806722689,http://www.linkedin.com/company/burgess%e2%80%8eyachts
1,Pre-revenue (needs dev),Cloud Consulting,cloudconsultings.com,http://www.cloudconsultings.com,London,United Kingdom,N/A,N/A,0.0,http://www.linkedin.com/company/cloud-consulting-company
1,Modest growth,Creed,creedfragrances.co.uk,http://www.creedfragrances.co.uk,London,United Kingdom,1760,401M,0.06481481481481481,http://www.linkedin.com/company/creedfragrances
1,Pre-revenue (needs dev),Crossover,crossover-av.com,http://www.crossover-av.com,London,United Kingdom,2008,N/A,-0.05263157894736842,http://www.linkedin.com/company/crossover-av
1,Pre-revenue (needs dev),Crunch,crunch.info,http://www.crunch.info,London,United Kingdom,2008,N/A,0.0,http://www.linkedin.com/company/crunch-communications
1,Pre-revenue (needs dev),Dataline Labs,datalinelabs.com,http://www.datalinelabs.com,London,United Kingdom,N/A,N/A,N/A,http://www.linkedin.com/company/dataline-labs
1,Growth company,Depop,depop.com,http://www.depop.com,London,United Kingdom,2011,128M,-0.01338621715418939,http://www.linkedin.com/company/depop
1,Pre-revenue (needs dev),Falkin,falkin.com,http://www.falkin.com,London,United Kingdom,N/A,N/A,N/A,http://www.linkedin.com/company/falkin-ai
1,Pre-revenue (needs dev),First Concepts,firstconcepts.co,http://www.firstconcepts.co,London,United Kingdom,N/A,N/A,N/A,http://www.linkedin.com/company/firstconcepts
1,Pre-revenue (needs dev),Franchise Fame,franchisefame.com,http://www.franchisefame.com,London,United Kingdom,N/A,N/A,N/A,http://www.linkedin.com/company/franchise-fame
1,Pre-revenue (needs dev),GoodShape,goodshape.com,http://www.goodshape.com,London,United Kingdom,2004,N/A,0.0,http://www.linkedin.com/company/goodshapeworks
1,Modest growth,Inspired Education Group,inspirededu.com,http://www.inspirededu.com,London,United Kingdom,2003,195M,0.0728744939271255,http://www.linkedin.com/company/inspirededu
1,Pre-revenue (needs dev),Installio,installio.co.uk,http://www.installio.co.uk,London,United Kingdom,N/A,N/A,N/A,http://www.linkedin.com/company/installio
1,Pre-revenue (needs dev),Iron Games,iron.gs,http://www.iron.gs,London,United Kingdom,N/A,N/A,N/A,http://www.linkedin.com/company/iron-games
1,Pre-revenue (needs dev),Long Harbour Ltd,longharbour.co.uk,http://www.longharbour.co.uk,London,United Kingdom,2009,N/A,0.0,http://www.linkedin.com/company/long-harbour-ltd
1,Pre-revenue (needs dev),Longshot Limited,longshotltd.com,http://www.longshotltd.com,London,United Kingdom,1994,N/A,0.0,http://www.linkedin.com/company/longshot-limited
1,Pre-revenue (needs dev),Magma Maths,magmamaths.co.uk,http://www.magmamaths.co.uk,London,United Kingdom,N/A,N/A,N/A,http://www.linkedin.com/company/magma-maths-uk
1,Pre-revenue (needs dev),Manors Golf Apparel,manorsgolf.com,http://www.manorsgolf.com,London,United Kingdom,N/A,N/A,0.0,http://www.linkedin.com/company/manors-golf
1,Pre-revenue (needs dev),MaxOptra,maxoptra.com,http://www.maxoptra.com,London,United Kingdom,1999,N/A,0.0,http://www.linkedin.com/company/maxoptra
1,Pre-revenue (needs dev),Milliways,milliwaysfood.com,http://www.milliwaysfood.com,London,United Kingdom,N/A,N/A,0.0,http://www.linkedin.com/company/milliwaysfood
1,Pre-revenue (needs dev),Partnerbrite,partnerbrite.com,http://www.partnerbrite.com,London,United Kingdom,N/A,N/A,-0.4,http://www.linkedin.com/company/partnerbrite
1,Pre-revenue (needs dev),Play AI,playai.network,http://www.playai.network,London,United Kingdom,N/A,N/A,-0.2857142857142857,http://www.linkedin.com/company/playainetwork
1,Modest growth,Royal College of Art,rca.ac.uk,http://www.rca.ac.uk,London,United Kingdom,1836,125M,0.03125,http://www.linkedin.com/school/royal-college-of-art
1,Modest growth,Sidara,sidaracollaborative.com,http://www.sidaracollaborative.com,London,United Kingdom,1986,3B,0.08333333333333333,http://www.linkedin.com/company/sidara
1,Pre-revenue (needs dev),STAXY,staxy.live,http://www.staxy.live,London,United Kingdom,N/A,N/A,0.0,http://www.linkedin.com/company/staxy
1,Pre-revenue (needs dev),stylus,stylus.education,http://www.stylus.education,London,United Kingdom,N/A,N/A,0.0,http://www.linkedin.com/company/s-t-y-l-u-s
1,Pre-revenue (needs dev),Tods Technology,tods.co.uk,http://www.tods.co.uk,London,United Kingdom,1932,N/A,0.0,http://www.linkedin.com/company/tods-defence-limited
1,Pre-revenue (needs dev),Travolution.com,travolution.com,http://www.travolution.com,London,United Kingdom,2006,N/A,0.0,http://www.linkedin.com/company/travolution-com
1,Pre-revenue (needs dev),TRYBE,try.be,http://www.try.be,London,United Kingdom,N/A,N/A,0.0,http://www.linkedin.com/company/trybe-software
1,Growth company,VIA Outlets,viaoutlets.com,http://www.viaoutlets.com,London,United Kingdom,2014,1.5B,0.0,http://www.linkedin.com/company/via-outlets
1,Pre-revenue (needs dev),VRLab Academy,vrlabacademy.com,http://www.vrlabacademy.com,London,United Kingdom,N/A,N/A,-0.125,http://www.linkedin.com/company/vrlab-academy
1,Pre-revenue (needs dev),W-Wellness,w-wellness.co.uk,http://www.w-wellness.co.uk,London,United Kingdom,N/A,N/A,N/A,http://www.linkedin.com/company/w-wellness
1,Pre-revenue (needs dev),Where You At Ltd,wya.world,http://www.wya.world,London,United Kingdom,N/A,N/A,-1.0,http://www.linkedin.com/company/where-you-at
1,Pre-revenue (needs dev),Xpedition,xpedition.co.uk,http://www.xpedition.co.uk,London,United Kingdom,1989,N/A,0.0,http://www.linkedin.com/company/xpedition
1,Pre-revenue (needs dev),YUV,yuv.co,http://www.yuv.co,London,United Kingdom,N/A,N/A,0.0,http://www.linkedin.com/company/yuvbeauty
0,,Amey Group,amey.co.uk,http://www.amey.co.uk,London,United Kingdom,1921,2.5B,-0.01149425287356322,http://www.linkedin.com/company/amey
0,,Bonhams,bonhams.com,http://www.bonhams.com,London,United Kingdom,1793,221M,-0.01748251748251748,http://www.linkedin.com/company/bonhams
0,,Côte Restaurants,cote.co.uk,http://www.cote.co.uk,London,United Kingdom,2007,182M,-0.08333333333333333,http://www.linkedin.com/company/c-te-brasserie
0,,Dexters,dexters.co.uk,http://www.dexters.co.uk,London,United Kingdom,1993,298M,-0.05882352941176471,http://www.linkedin.com/company/dexters-estate-agents
0,,Eversholt UK Rails Group,eversholtrail.co.uk,http://www.eversholtrail.co.uk,London,United Kingdom,1994,455M,-1.0,http://www.linkedin.com/company/eversholt-rail
0,,Kinleigh Folkard & Hayward,kfh.co.uk,http://www.kfh.co.uk,London,United Kingdom,1977,111M,0.0,http://www.linkedin.com/company/kinleigh-folkard-&-hayward
0,,London City Airport,londoncityairport.com,http://www.londoncityairport.com,London,United Kingdom,1987,144M,0.0,http://www.linkedin.com/company/london-city-airport
0,,Save the Children International,savethechildren.net,http://www.savethechildren.net,London,United Kingdom,1919,1.1B,-0.006714517249363279,http://www.linkedin.com/company/save-the-children-international
0,,Smiths Interconnect,smithsinterconnect.com,http://www.smithsinterconnect.com,London,United Kingdom,2008,558M,-0.007668711656441718,http://www.linkedin.com/company/smiths-interconnect
0,,Tottenham Hotspur Football Club,tottenhamhotspur.com,http://www.tottenhamhotspur.com,London,United Kingdom,1882,709M,0.0,http://www.linkedin.com/company/tottenham-hotspur-ltd
